Date,Open,High,Low,Close,Volume,Dividends,Stock Splits
2019-01-02 00:00:00-05:00,23058.60938,23413.4707,22928.58984,23346.24023,321570000,0,0
2019-01-03 00:00:00-05:00,23176.39063,23176.39063,22638.41016,22686.2207,424240000,0,0
2019-01-04 00:00:00-05:00,22894.91992,23518.64063,22894.91992,23433.16016,396020000,0,0
2019-01-07 00:00:00-05:00,23474.25977,23687.74023,23301.58984,23531.34961,334200000,0,0
2019-01-08 00:00:00-05:00,23680.32031,23864.65039,23581.44922,23787.44922,317420000,0,0
2019-01-09 00:00:00-05:00,23844.26953,24084.71094,23703.16016,23879.11914,324570000,0,0
2019-01-10 00:00:00-05:00,23811.10938,24014.7793,23703.25,24001.91992,338150000,0,0
2019-01-11 00:00:00-05:00,23940.00977,23996.32031,23798.16016,23995.94922,262650000,0,0
2019-01-14 00:00:00-05:00,23880.5293,23964.90039,23765.24023,23909.83984,277560000,0,0
2019-01-15 00:00:00-05:00,23914.10938,24099.14063,23887.92969,24065.58984,291570000,0,0
2019-01-16 00:00:00-05:00,24139.91016,24288.60938,24119.7207,24207.16016,302830000,0,0
2019-01-17 00:00:00-05:00,24147.08984,24474.46094,24088.90039,24370.09961,288590000,0,0
2019-01-18 00:00:00-05:00,24534.18945,24750.2207,24459.0293,24706.34961,372970000,0,0
2019-01-22 00:00:00-05:00,24607.75977,24607.75977,24244.31055,24404.48047,338480000,0,0
2019-01-23 00:00:00-05:00,24577.25,24700.98047,24307.16992,24575.61914,318600000,0,0
2019-01-24 00:00:00-05:00,24579.96094,24626.30078,24422.73047,24553.24023,320170000,0,0
2019-01-25 00:00:00-05:00,24687.21094,24860.15039,24676.75,24737.19922,376890000,0,0
2019-01-28 00:00:00-05:00,24596.98047,24596.98047,24323.93945,24528.2207,347170000,0,0
2019-01-29 00:00:00-05:00,24519.61914,24674.86914,24504.03906,24579.96094,330870000,0,0
2019-01-30 00:00:00-05:00,24826.51953,25109.61914,24790.90039,25014.85938,397330000,0,0
2019-01-31 00:00:00-05:00,24954.48047,25049.61914,24842.08984,24999.66992,507350000,0,0
2019-02-01 00:00:00-05:00,25025.31055,25193.15039,24982.49023,25063.89063,372090000,0,0
2019-02-04 00:00:00-05:00,25062.11914,25239.91016,24977.66992,25239.36914,298540000,0,0
2019-02-05 00:00:00-05:00,25287.92969,25427.32031,25287.65039,25411.51953,310650000,0,0
2019-02-06 00:00:00-05:00,25371.57031,25439.03906,25312.06055,25390.30078,247590000,0,0
2019-02-07 00:00:00-05:00,25265.81055,25314.25977,25000.51953,25169.5293,295460000,0,0
2019-02-08 00:00:00-05:00,25042.35938,25106.39063,24883.03906,25106.33008,248210000,0,0
2019-02-11 00:00:00-05:00,25142.81055,25196.75,25009.09961,25053.10938,241700000,0,0
2019-02-12 00:00:00-05:00,25152.0293,25458.98047,25152.0293,25425.75977,278110000,0,0
2019-02-13 00:00:00-05:00,25480.85938,25625.94922,25480.85938,25543.26953,263330000,0,0
2019-02-14 00:00:00-05:00,25460.65039,25558.90039,25308.08984,25439.39063,313010000,0,0
2019-02-15 00:00:00-05:00,25564.63086,25883.7207,25564.63086,25883.25,328530000,0,0
2019-02-19 00:00:00-05:00,25849.84961,25961.43945,25820.00977,25891.32031,280620000,0,0
2019-02-20 00:00:00-05:00,25872.25977,25986.19922,25846.48047,25954.43945,287880000,0,0
2019-02-21 00:00:00-05:00,25922.41016,25938.88086,25762.21094,25850.63086,255710000,0,0
2019-02-22 00:00:00-05:00,25906.26953,26052.90039,25906.26953,26031.81055,279760000,0,0
2019-02-25 00:00:00-05:00,26126.15039,26241.41992,26080.66016,26091.94922,281600000,0,0
2019-02-26 00:00:00-05:00,26051.60938,26155.28906,25966.00977,26057.98047,257850000,0,0
2019-02-27 00:00:00-05:00,25995.59961,26039.67969,25877.24023,25985.16016,255380000,0,0
2019-02-28 00:00:00-05:00,25984.2793,26029.21094,25896.56055,25916,338520000,0,0
2019-03-01 00:00:00-05:00,26019.66992,26143.91992,25914.36914,26026.32031,289890000,0,0
2019-03-04 00:00:00-05:00,26122.18945,26155.98047,25611.55078,25819.65039,295510000,0,0
2019-03-05 00:00:00-05:00,25829.07031,25877.15039,25725.63086,25806.63086,252260000,0,0
2019-03-06 00:00:00-05:00,25818.75977,25837.60938,25633.71094,25673.46094,256250000,0,0
2019-03-07 00:00:00-05:00,25645.44922,25645.44922,25352.55078,25473.23047,289140000,0,0
2019-03-08 00:00:00-05:00,25347.38086,25466.14063,25252.46094,25450.24023,270500000,0,0
2019-03-11 00:00:00-04:00,25208,25661.63086,25208,25650.88086,309790000,0,0
2019-03-12 00:00:00-04:00,25600.30078,25675.43945,25522.16992,25554.66016,317730000,0,0
2019-03-13 00:00:00-04:00,25637.23047,25776.49023,25571.31055,25702.89063,331410000,0,0
2019-03-14 00:00:00-04:00,25692.31055,25752.83984,25621.31055,25709.93945,302790000,0,0
2019-03-15 00:00:00-04:00,25720.96094,25927.91016,25649.69922,25848.86914,616910000,0,0
2019-03-18 00:00:00-04:00,25801.88086,25924.76953,25785.66016,25914.09961,303170000,0,0
2019-03-19 00:00:00-04:00,25987.86914,26109.67969,25814.91992,25887.38086,342250000,0,0
2019-03-20 00:00:00-04:00,25867.78906,25929.51953,25670.63086,25745.66992,321980000,0,0
2019-03-21 00:00:00-04:00,25688.43945,26009.90039,25657.7793,25962.50977,335250000,0,0
2019-03-22 00:00:00-04:00,25844.65039,25877.00977,25501.44922,25502.32031,386510000,0,0
2019-03-25 00:00:00-04:00,25490.7207,25603.26953,25372.25977,25516.83008,303120000,0,0
2019-03-26 00:00:00-04:00,25649.56055,25796.28906,25544.7793,25657.73047,305110000,0,0
2019-03-27 00:00:00-04:00,25676.33984,25758.16992,25425.26953,25625.58984,270340000,0,0
2019-03-28 00:00:00-04:00,25693.32031,25743.41016,25576.68945,25717.46094,237170000,0,0
2019-03-29 00:00:00-04:00,25827.31055,25949.32031,25771.66992,25928.67969,300620000,0,0
2019-04-01 00:00:00-04:00,26075.09961,26280.90039,26071.68945,26258.41992,295570000,0,0
2019-04-02 00:00:00-04:00,26213.55078,26221.24023,26122.31055,26179.13086,250940000,0,0
2019-04-03 00:00:00-04:00,26238.0293,26282.16992,26138.4707,26218.13086,271980000,0,0
2019-04-04 00:00:00-04:00,26213.41992,26398.90039,26212.7793,26384.63086,233040000,0,0
2019-04-05 00:00:00-04:00,26427.56055,26487.57031,26370.82031,26424.99023,229550000,0,0
2019-04-08 00:00:00-04:00,26312.66992,26344.65039,26246.0293,26341.01953,229380000,0,0
2019-04-09 00:00:00-04:00,26243.53906,26246.33984,26103.14063,26150.58008,244410000,0,0
2019-04-10 00:00:00-04:00,26173.71094,26209.49023,26101.24023,26157.16016,203130000,0,0
2019-04-11 00:00:00-04:00,26188.21094,26229.88086,26062.58984,26143.05078,211680000,0,0
2019-04-12 00:00:00-04:00,26357.78906,26436.67969,26309.7207,26412.30078,369910000,0,0
2019-04-15 00:00:00-04:00,26407.75977,26424.84961,26316.41992,26384.76953,250620000,0,0
2019-04-16 00:00:00-04:00,26482.18945,26530.71094,26397.18945,26452.66016,302340000,0,0
2019-04-17 00:00:00-04:00,26468.5293,26501.01953,26391.85938,26449.53906,367780000,0,0
2019-04-18 00:00:00-04:00,26463.36914,26602.41992,26444.5293,26559.53906,332850000,0,0
2019-04-22 00:00:00-04:00,26510.76953,26553.05078,26458.60938,26511.05078,232570000,0,0
2019-04-23 00:00:00-04:00,26513.83008,26695.96094,26503.56055,26656.39063,311690000,0,0
2019-04-24 00:00:00-04:00,26652.56055,26680.58008,26582.85938,26597.05078,283370000,0,0
2019-04-25 00:00:00-04:00,26426.36914,26536.48047,26310.2793,26462.08008,296730000,0,0
2019-04-26 00:00:00-04:00,26454.61914,26543.56055,26392.55078,26543.33008,317290000,0,0
2019-04-29 00:00:00-04:00,26559.86914,26602.53906,26520.75,26554.39063,279450000,0,0
2019-04-30 00:00:00-04:00,26594.56055,26614.03906,26419.4707,26592.91016,340320000,0,0
2019-05-01 00:00:00-04:00,26639.06055,26689.39063,26426.38086,26430.14063,303850000,0,0
2019-05-02 00:00:00-04:00,26407.15039,26454.68945,26180.35938,26307.78906,287610000,0,0
2019-05-03 00:00:00-04:00,26379.14063,26534.96094,26370.08984,26504.94922,248900000,0,0
2019-05-06 00:00:00-04:00,26160.61914,26476.26953,26033.94922,26438.48047,283020000,0,0
2019-05-07 00:00:00-04:00,26276.90039,26276.90039,25789.71094,25965.08984,334960000,0,0
2019-05-08 00:00:00-04:00,25933.78906,26118.09961,25889.41016,25967.33008,276420000,0,0
2019-05-09 00:00:00-04:00,25878.84961,25884.89063,25517.39063,25828.35938,334760000,0,0
2019-05-10 00:00:00-04:00,25763.7207,26019.32031,25469.85938,25942.36914,294580000,0,0
2019-05-13 00:00:00-04:00,25568.06055,25568.06055,25222.50977,25324.99023,361240000,0,0
2019-05-14 00:00:00-04:00,25384.0293,25688.96094,25384.0293,25532.05078,291570000,0,0
2019-05-15 00:00:00-04:00,25400.13086,25724.89063,25341.93945,25648.01953,270720000,0,0
2019-05-16 00:00:00-04:00,25692.14063,25957.63086,25692.14063,25862.67969,320960000,0,0
2019-05-17 00:00:00-04:00,25719.94922,25948.74023,25657.7793,25764,283760000,0,0
2019-05-20 00:00:00-04:00,25655.31055,25751.71094,25560.55078,25679.90039,279560000,0,0
2019-05-21 00:00:00-04:00,25782.33984,25898.26953,25779.60938,25877.33008,260870000,0,0
2019-05-22 00:00:00-04:00,25818.46094,25878.21094,25755.10938,25776.60938,241760000,0,0
2019-05-23 00:00:00-04:00,25657.99023,25657.99023,25328.08984,25490.4707,316940000,0,0
2019-05-24 00:00:00-04:00,25551.07031,25670.81055,25496.19922,25585.68945,201370000,0,0
2019-05-28 00:00:00-04:00,25616.55078,25717.63086,25342.2793,25347.76953,358980000,0,0
2019-05-29 00:00:00-04:00,25231.46094,25231.46094,24938.24023,25126.41016,298930000,0,0
2019-05-30 00:00:00-04:00,25139.93945,25218.53906,25066.75,25169.88086,215240000,0,0
2019-05-31 00:00:00-04:00,25046.31055,25046.31055,24809.50977,24815.03906,292230000,0,0
2019-06-03 00:00:00-04:00,24830.16016,24935.21094,24680.57031,24819.7793,328240000,0,0
2019-06-04 00:00:00-04:00,24962.82031,25343.76953,24962.82031,25332.17969,281690000,0,0
2019-06-05 00:00:00-04:00,25451,25544.66016,25373.58008,25539.57031,262660000,0,0
2019-06-06 00:00:00-04:00,25567.44922,25800.30078,25518.05078,25720.66016,248070000,0,0
2019-06-07 00:00:00-04:00,25768.7207,26072.75,25768.7207,25983.93945,263010000,0,0
2019-06-10 00:00:00-04:00,26090.2207,26210.60938,26054.31055,26062.67969,249280000,0,0
2019-06-11 00:00:00-04:00,26180.58984,26248.66992,25998.86914,26048.50977,253490000,0,0
2019-06-12 00:00:00-04:00,26040.30078,26082.09961,25958.66016,26004.83008,223690000,0,0
2019-06-13 00:00:00-04:00,26036.93945,26146.91016,25995.71094,26106.76953,213400000,0,0
2019-06-14 00:00:00-04:00,26076.35938,26162.2793,25988.08984,26089.60938,208020000,0,0
2019-06-17 00:00:00-04:00,26108.5293,26165.7793,26049.80078,26112.5293,199500000,0,0
2019-06-18 00:00:00-04:00,26228.90039,26527.18945,26227.80078,26465.53906,273490000,0,0
2019-06-19 00:00:00-04:00,26490.16016,26569.75,26415.05078,26504,240950000,0,0
2019-06-20 00:00:00-04:00,26665.38086,26798.63086,26539.68945,26753.16992,278170000,0,0
2019-06-21 00:00:00-04:00,26749.11914,26907.36914,26705.86914,26719.13086,485560000,0,0
2019-06-24 00:00:00-04:00,26727.60938,26806.51953,26723.36914,26727.53906,232390000,0,0
2019-06-25 00:00:00-04:00,26731.60938,26752.31055,26527.66016,26548.2207,282160000,0,0
2019-06-26 00:00:00-04:00,26599.41992,26660.03906,26536.33008,26536.82031,274340000,0,0
2019-06-27 00:00:00-04:00,26523.7207,26607.24023,26465.32031,26526.58008,246930000,0,0
2019-06-28 00:00:00-04:00,26605.92969,26638.34961,26522.26953,26599.96094,499350000,0,0
2019-07-01 00:00:00-04:00,26805.85938,26890.64063,26616.21094,26717.42969,267670000,0,0
2019-07-02 00:00:00-04:00,26719.5293,26787.56055,26632.65039,26786.67969,219270000,0,0
2019-07-03 00:00:00-04:00,26832.32031,26966,26831.43945,26966,149840000,0,0
2019-07-05 00:00:00-04:00,26867.75,26950.81055,26733.33008,26922.11914,192170000,0,0
2019-07-08 00:00:00-04:00,26835.64063,26839.14063,26744.86914,26806.14063,214290000,0,0
2019-07-09 00:00:00-04:00,26725.11914,26807.69922,26665.57031,26783.49023,218330000,0,0
2019-07-10 00:00:00-04:00,26851.96094,26983.44922,26813.10938,26860.19922,207990000,0,0
2019-07-11 00:00:00-04:00,26950.16016,27088.44922,26916.32031,27088.08008,252300000,0,0
2019-07-12 00:00:00-04:00,27139.49023,27333.78906,27135.44922,27332.0293,248390000,0,0
2019-07-15 00:00:00-04:00,27364.68945,27364.68945,27294.16992,27359.16016,199730000,0,0
2019-07-16 00:00:00-04:00,27349.32031,27398.67969,27290.24023,27335.63086,226000000,0,0
2019-07-17 00:00:00-04:00,27320.91016,27343.06055,27218.38086,27219.84961,193930000,0,0
2019-07-18 00:00:00-04:00,27191.98047,27266.81055,27068.78906,27222.9707,216070000,0,0
2019-07-19 00:00:00-04:00,27246.38086,27342.96094,27145.7793,27154.19922,287690000,0,0
2019-07-22 00:00:00-04:00,27174.17969,27227.76953,27088.90039,27171.90039,216310000,0,0
2019-07-23 00:00:00-04:00,27231.85938,27368.81055,27204.58008,27349.18945,248850000,0,0
2019-07-24 00:00:00-04:00,27262.24023,27291.03906,27191.11914,27269.9707,244320000,0,0
2019-07-25 00:00:00-04:00,27247.39063,27298.42969,27062.48047,27140.98047,241420000,0,0
2019-07-26 00:00:00-04:00,27166,27213.69922,27123.25,27192.44922,233650000,0,0
2019-07-29 00:00:00-04:00,27192.24023,27275.84961,27178.06055,27221.34961,250850000,0,0
2019-07-30 00:00:00-04:00,27145.39063,27224.35938,27069.85938,27198.01953,293250000,0,0
2019-07-31 00:00:00-04:00,27244.66992,27281.65039,26719.59961,26864.26953,385150000,0,0
2019-08-01 00:00:00-04:00,26879.85938,27175.58984,26548.71094,26583.41992,386320000,0,0
2019-08-02 00:00:00-04:00,26528.66016,26570.01953,26249.2207,26485.00977,327640000,0,0
2019-08-05 00:00:00-04:00,26259.23047,26259.23047,25523.38086,25717.74023,422240000,0,0
2019-08-06 00:00:00-04:00,25810.61914,26038.67969,25710.86914,26029.51953,318160000,0,0
2019-08-07 00:00:00-04:00,25814.2207,26073.21094,25440.39063,26007.07031,344790000,0,0
2019-08-08 00:00:00-04:00,26086.51953,26383.60938,26038.09961,26378.18945,282530000,0,0
2019-08-09 00:00:00-04:00,26337.08984,26413.35938,26097.64063,26287.43945,240260000,0,0
2019-08-12 00:00:00-04:00,26169.91016,26178.94922,25824.93945,25896.43945,199390000,0,0
2019-08-13 00:00:00-04:00,25888.88086,26426.9707,25833.25,26279.91016,308900000,0,0
2019-08-14 00:00:00-04:00,26035.08008,26035.08008,25471.58984,25479.41992,352250000,0,0
2019-08-15 00:00:00-04:00,25514.25,25639.68945,25339.59961,25579.39063,332600000,0,0
2019-08-16 00:00:00-04:00,25678.16992,25929.65039,25678.16992,25886.00977,276210000,0,0
2019-08-19 00:00:00-04:00,26020.06055,26222.32031,26020.06055,26135.78906,252640000,0,0
2019-08-20 00:00:00-04:00,26086.85938,26160.11914,25952,25962.43945,238100000,0,0
2019-08-21 00:00:00-04:00,26145.35938,26268.32031,26141.76953,26202.73047,208790000,0,0
2019-08-22 00:00:00-04:00,26271.64063,26388.7793,26099.00977,26252.24023,222810000,0,0
2019-08-23 00:00:00-04:00,26134.21094,26320.28906,25507.17969,25628.90039,364260000,0,0
2019-08-26 00:00:00-04:00,25826.05078,25941.25,25716.39063,25898.83008,222780000,0,0
2019-08-27 00:00:00-04:00,26014.46094,26054.01953,25721.84961,25777.90039,263530000,0,0
2019-08-28 00:00:00-04:00,25712.99023,26041.57031,25637.42969,26036.09961,207070000,0,0
2019-08-29 00:00:00-04:00,26249.08984,26408.83984,26185.71094,26362.25,208650000,0,0
2019-08-30 00:00:00-04:00,26476.39063,26514.61914,26295.58984,26403.2793,216160000,0,0
2019-09-03 00:00:00-04:00,26198.25977,26198.25977,25978.2207,26118.01953,223210000,0,0
2019-09-04 00:00:00-04:00,26301.99023,26362.34961,26244.43945,26355.4707,202710000,0,0
2019-09-05 00:00:00-04:00,26603.15039,26836.30078,26603.15039,26728.15039,256670000,0,0
2019-09-06 00:00:00-04:00,26790.25,26860.86914,26708.39063,26797.46094,209700000,0,0
2019-09-09 00:00:00-04:00,26866.23047,26900.83008,26762.17969,26835.50977,273120000,0,0
2019-09-10 00:00:00-04:00,26805.83008,26909.42969,26717.05078,26909.42969,322340000,0,0
2019-09-11 00:00:00-04:00,26928.05078,27137.03906,26885.48047,27137.03906,272590000,0,0
2019-09-12 00:00:00-04:00,27197.32031,27306.73047,27105.00977,27182.44922,250010000,0,0
2019-09-13 00:00:00-04:00,27216.66992,27277.55078,27193.94922,27219.51953,255260000,0,0
2019-09-16 00:00:00-04:00,27146.06055,27172.86914,27032.56055,27076.82031,220620000,0,0
2019-09-17 00:00:00-04:00,27010.11914,27110.80078,26984.14063,27110.80078,223580000,0,0
2019-09-18 00:00:00-04:00,27075.39063,27161.92969,26899.15039,27147.08008,212860000,0,0
2019-09-19 00:00:00-04:00,27186.05078,27272.16992,27064.21094,27094.78906,212360000,0,0
2019-09-20 00:00:00-04:00,27102.17969,27194.75,26926.67969,26935.07031,497640000,0,0
2019-09-23 00:00:00-04:00,26851.44922,27011.07031,26831.33984,26949.99023,204240000,0,0
2019-09-24 00:00:00-04:00,27034.07031,27079.67969,26704.96094,26807.76953,301750000,0,0
2019-09-25 00:00:00-04:00,26866.71094,27016.56055,26755.85938,26970.71094,237220000,0,0
2019-09-26 00:00:00-04:00,27004.10938,27015.07031,26803.83984,26891.11914,229180000,0,0
2019-09-27 00:00:00-04:00,26987.25977,27012.53906,26715.82031,26820.25,217780000,0,0
2019-09-30 00:00:00-04:00,26852.33008,26998.85938,26852.33008,26916.83008,222680000,0,0
2019-10-01 00:00:00-04:00,26962.53906,27046.21094,26562.2207,26573.03906,260110000,0,0
2019-10-02 00:00:00-04:00,26425.85938,26438.03906,25974.11914,26078.61914,309640000,0,0
2019-10-03 00:00:00-04:00,26039.01953,26205.19922,25743.46094,26201.03906,241610000,0,0
2019-10-04 00:00:00-04:00,26271.69922,26590.74023,26271.69922,26573.7207,221310000,0,0
2019-10-07 00:00:00-04:00,26502.33008,26655.83984,26424.53906,26478.01953,195200000,0,0
2019-10-08 00:00:00-04:00,26276.58984,26421.81055,26139.80078,26164.03906,244590000,0,0
2019-10-09 00:00:00-04:00,26308.23047,26424.31055,26249.75,26346.00977,190060000,0,0
2019-10-10 00:00:00-04:00,26317.34961,26603.31055,26314.50977,26496.66992,217680000,0,0
2019-10-11 00:00:00-04:00,26694.19922,27013.9707,26694.19922,26816.58984,282080000,0,0
2019-10-14 00:00:00-04:00,26766.42969,26874.33008,26749.17969,26787.35938,178620000,0,0
2019-10-15 00:00:00-04:00,26811.19922,27120.10938,26811.19922,27024.80078,245510000,0,0
2019-10-16 00:00:00-04:00,26972.31055,27058.33984,26943.28906,27001.98047,214660000,0,0
2019-10-17 00:00:00-04:00,27032.38086,27112.16016,26970.28906,27025.88086,222540000,0,0
2019-10-18 00:00:00-04:00,27004.49023,27018.25,26770.13086,26770.19922,288970000,0,0
2019-10-21 00:00:00-04:00,26852.66992,26852.66992,26747.61914,26827.64063,241030000,0,0
2019-10-22 00:00:00-04:00,26850.42969,26946.64063,26782.60938,26788.09961,265510000,0,0
2019-10-23 00:00:00-04:00,26835.24023,26896.89063,26745,26833.94922,247680000,0,0
2019-10-24 00:00:00-04:00,26893.92969,26931.7793,26714.33984,26805.5293,253590000,0,0
2019-10-25 00:00:00-04:00,26789.60938,27015.36914,26765.67969,26958.06055,274610000,0,0
2019-10-28 00:00:00-04:00,27040.33008,27167.88086,27028.71094,27090.7207,290770000,0,0
2019-10-29 00:00:00-04:00,27061.07031,27165.93945,27039.75977,27071.46094,269610000,0,0
2019-10-30 00:00:00-04:00,27110.71094,27204.35938,26999.64063,27186.68945,231750000,0,0
2019-10-31 00:00:00-04:00,27188.36914,27188.36914,26918.28906,27046.23047,273830000,0,0
2019-11-01 00:00:00-04:00,27142.94922,27347.42969,27142.94922,27347.35938,270870000,0,0
2019-11-04 00:00:00-05:00,27402.06055,27517.58008,27402.06055,27462.10938,273030000,0,0
2019-11-05 00:00:00-05:00,27500.23047,27560.35938,27453.55078,27492.63086,286350000,0,0
2019-11-06 00:00:00-05:00,27502.74023,27526.05078,27407.81055,27492.56055,237910000,0,0
2019-11-07 00:00:00-05:00,27590.16016,27774.66992,27590.16016,27674.80078,259020000,0,0
2019-11-08 00:00:00-05:00,27686.19922,27694.94922,27578.9707,27681.24023,221440000,0,0
2019-11-11 00:00:00-05:00,27580.66016,27714.39063,27517.66992,27691.49023,202350000,0,0
2019-11-12 00:00:00-05:00,27701.58984,27770.85938,27635.32031,27691.49023,213670000,0,0
2019-11-13 00:00:00-05:00,27622.03906,27806.40039,27587.19922,27783.58984,278390000,0,0
2019-11-14 00:00:00-05:00,27757.19922,27800.71094,27676.9707,27781.96094,303970000,0,0
2019-11-15 00:00:00-05:00,27843.53906,28004.89063,27843.53906,28004.89063,283720000,0,0
2019-11-18 00:00:00-05:00,27993.2207,28040.9707,27969.24023,28036.2207,252320000,0,0
2019-11-19 00:00:00-05:00,28079.75977,28090.21094,27894.51953,27934.01953,245890000,0,0
2019-11-20 00:00:00-05:00,27879.55078,27897.2793,27675.2793,27821.08984,258140000,0,0
2019-11-21 00:00:00-05:00,27820.2793,27828.33008,27708.33984,27766.28906,232020000,0,0
2019-11-22 00:00:00-05:00,27831.23047,27898.46094,27773.98047,27875.61914,214780000,0,0
2019-11-25 00:00:00-05:00,27917.76953,28068.68945,27917.76953,28066.4707,248420000,0,0
2019-11-26 00:00:00-05:00,28080.75,28146.01953,28042.21094,28121.67969,324050000,0,0
2019-11-27 00:00:00-05:00,28156.4707,28174.9707,28075.23047,28164,198210000,0,0
2019-11-29 00:00:00-05:00,28103.16016,28119.50977,28042.5293,28051.41016,120630000,0,0
2019-12-02 00:00:00-05:00,28109.74023,28109.83984,27782.34961,27783.03906,236610000,0,0
2019-12-03 00:00:00-05:00,27501.98047,27524.74023,27325.13086,27502.81055,275350000,0,0
2019-12-04 00:00:00-05:00,27634.63086,27727.44922,27612.08008,27649.7793,218200000,0,0
2019-12-05 00:00:00-05:00,27736.05078,27745.19922,27562.80078,27677.78906,208600000,0,0
2019-12-06 00:00:00-05:00,27839.67969,28035.84961,27839.67969,28015.06055,223310000,0,0
2019-12-09 00:00:00-05:00,27987.05078,28010.41992,27906.14063,27909.59961,217000000,0,0
2019-12-10 00:00:00-05:00,27900.65039,27949.01953,27804,27881.7207,213250000,0,0
2019-12-11 00:00:00-05:00,27867.31055,27925.5,27801.80078,27911.30078,213510000,0,0
2019-12-12 00:00:00-05:00,27898.33984,28224.94922,27859.86914,28132.05078,277740000,0,0
2019-12-13 00:00:00-05:00,28123.64063,28290.73047,28028.32031,28135.38086,250660000,0,0
2019-12-16 00:00:00-05:00,28191.66992,28337.49023,28191.66992,28235.89063,286770000,0,0
2019-12-17 00:00:00-05:00,28221.75,28328.63086,28220.56055,28267.16016,286770000,0,0
2019-12-18 00:00:00-05:00,28291.43945,28323.25,28239.2793,28239.2793,289890000,0,0
2019-12-19 00:00:00-05:00,28278.31055,28381.48047,28278.24023,28376.96094,262570000,0,0
2019-12-20 00:00:00-05:00,28608.64063,28608.64063,28445.59961,28455.08984,603780000,0,0
2019-12-23 00:00:00-05:00,28491.7793,28582.49023,28491.7793,28551.5293,223530000,0,0
2019-12-24 00:00:00-05:00,28572.57031,28576.80078,28503.21094,28515.44922,86150000,0,0
2019-12-26 00:00:00-05:00,28539.46094,28624.09961,28535.15039,28621.39063,155970000,0,0
2019-12-27 00:00:00-05:00,28675.33984,28701.66016,28608.98047,28645.25977,182280000,0,0
2019-12-30 00:00:00-05:00,28654.75977,28664.68945,28428.98047,28462.14063,181600000,0,0
2019-12-31 00:00:00-05:00,28414.64063,28547.34961,28376.49023,28538.43945,193340000,0,0
2020-01-02 00:00:00-05:00,28638.9707,28872.80078,28627.76953,28868.80078,251820000,0,0
2020-01-03 00:00:00-05:00,28553.33008,28716.31055,28500.35938,28634.88086,239590000,0,0
2020-01-06 00:00:00-05:00,28465.5,28708.01953,28418.63086,28703.38086,252760000,0,0
2020-01-07 00:00:00-05:00,28639.17969,28685.5,28565.2793,28583.67969,258900000,0,0
2020-01-08 00:00:00-05:00,28556.14063,28866.17969,28522.50977,28745.08984,291750000,0,0
2020-01-09 00:00:00-05:00,28851.9707,28988.00977,28844.31055,28956.90039,275060000,0,0
2020-01-10 00:00:00-05:00,28977.51953,29009.07031,28789.09961,28823.76953,237830000,0,0
2020-01-13 00:00:00-05:00,28869.00977,28909.91016,28819.42969,28907.05078,249830000,0,0
2020-01-14 00:00:00-05:00,28895.5,29054.16016,28872.26953,28939.66992,287440000,0,0
2020-01-15 00:00:00-05:00,28901.80078,29127.58984,28897.34961,29030.2207,260270000,0,0
2020-01-16 00:00:00-05:00,29131.94922,29300.32031,29131.94922,29297.64063,252110000,0,0
2020-01-17 00:00:00-05:00,29313.31055,29373.61914,29289.91016,29348.09961,321820000,0,0
2020-01-21 00:00:00-05:00,29269.05078,29341.21094,29146.4707,29196.03906,320640000,0,0
2020-01-22 00:00:00-05:00,29263.63086,29320.19922,29172.25977,29186.26953,283440000,0,0
2020-01-23 00:00:00-05:00,29111.01953,29190.4707,28966.98047,29160.08984,307060000,0,0
2020-01-24 00:00:00-05:00,29230.39063,29288.78906,28843.31055,28989.73047,380010000,0,0
2020-01-27 00:00:00-05:00,28542.49023,28671.78906,28440.4707,28535.80078,337270000,0,0
2020-01-28 00:00:00-05:00,28594.2793,28823.23047,28575.75,28722.84961,330140000,0,0
2020-01-29 00:00:00-05:00,28820.5293,28944.24023,28728.18945,28734.44922,302290000,0,0
2020-01-30 00:00:00-05:00,28640.16016,28879.71094,28489.75977,28859.43945,326850000,0,0
2020-01-31 00:00:00-05:00,28813.03906,28813.03906,28169.5293,28256.0293,403890000,0,0
2020-02-03 00:00:00-05:00,28319.65039,28630.39063,28319.65039,28399.81055,307910000,0,0
2020-02-04 00:00:00-05:00,28696.74023,28904.88086,28696.74023,28807.63086,332750000,0,0
2020-02-05 00:00:00-05:00,29048.73047,29308.89063,29000.84961,29290.84961,357540000,0,0
2020-02-06 00:00:00-05:00,29388.58008,29408.05078,29246.92969,29379.76953,263700000,0,0
2020-02-07 00:00:00-05:00,29286.91992,29286.91992,29056.98047,29102.50977,252860000,0,0
2020-02-10 00:00:00-05:00,28995.66016,29278.07031,28995.66016,29276.82031,250510000,0,0
2020-02-11 00:00:00-05:00,29390.71094,29415.39063,29210.4707,29276.33984,279540000,0,0
2020-02-12 00:00:00-05:00,29406.75,29568.57031,29406.75,29551.41992,309530000,0,0
2020-02-13 00:00:00-05:00,29436.0293,29535.40039,29345.92969,29423.31055,291150000,0,0
2020-02-14 00:00:00-05:00,29440.4707,29463.03906,29283.17969,29398.08008,231000000,0,0
2020-02-18 00:00:00-05:00,29282.7793,29330.16016,29116.81055,29232.18945,256600000,0,0
2020-02-19 00:00:00-05:00,29312.69922,29409.08984,29274.38086,29348.0293,240640000,0,0
2020-02-20 00:00:00-05:00,29296.25,29368.44922,28959.65039,29219.98047,287780000,0,0
2020-02-21 00:00:00-05:00,29146.5293,29146.5293,28892.69922,28992.41016,311210000,0,0
2020-02-24 00:00:00-05:00,28402.92969,28402.92969,27912.43945,27960.80078,452580000,0,0
2020-02-25 00:00:00-05:00,28037.65039,28149.19922,26997.61914,27081.35938,513270000,0,0
2020-02-26 00:00:00-05:00,27159.46094,27542.7793,26890.9707,26957.58984,472450000,0,0
2020-02-27 00:00:00-05:00,26526,26775.31055,25752.82031,25766.64063,664980000,0,0
2020-02-28 00:00:00-05:00,25270.83008,25494.24023,24681.00977,25409.35938,915990000,0,0
2020-03-02 00:00:00-05:00,25590.50977,26706.16992,25391.96094,26703.32031,637200000,0,0
2020-03-03 00:00:00-05:00,26762.4707,27084.58984,25706.2793,25917.41016,647080000,0,0
2020-03-04 00:00:00-05:00,26383.67969,27102.33984,26286.31055,27090.85938,457590000,0,0
2020-03-05 00:00:00-05:00,26671.91992,26671.91992,25943.33008,26121.2793,477370000,0,0
2020-03-06 00:00:00-05:00,25457.21094,25994.38086,25226.61914,25864.7793,599780000,0,0
2020-03-09 00:00:00-04:00,24992.35938,24992.35938,23706.07031,23851.01953,750430000,0,0
2020-03-10 00:00:00-04:00,24453,25020.99023,23690.33984,25018.16016,654860000,0,0
2020-03-11 00:00:00-04:00,24604.63086,24604.63086,23328.32031,23553.2207,663960000,0,0
2020-03-12 00:00:00-04:00,22184.71094,22837.94922,21154.46094,21200.61914,908260000,0,0
2020-03-13 00:00:00-04:00,21973.82031,23189.75977,21285.36914,23185.61914,843080000,0,0
2020-03-16 00:00:00-04:00,20917.5293,21768.2793,20116.46094,20188.51953,770130000,0,0
2020-03-17 00:00:00-04:00,20487.05078,21379.34961,19882.25977,21237.38086,793060000,0,0
2020-03-18 00:00:00-04:00,20188.68945,20489.33008,18917.46094,19898.91992,871360000,0,0
2020-03-19 00:00:00-04:00,19830.00977,20442.63086,19177.13086,20087.18945,780300000,0,0
2020-03-20 00:00:00-04:00,20253.15039,20531.25977,19094.26953,19173.98047,872290000,0,0
2020-03-23 00:00:00-04:00,19028.35938,19121.00977,18213.65039,18591.92969,787970000,0,0
2020-03-24 00:00:00-04:00,19722.18945,20737.69922,19649.25,20704.91016,799340000,0,0
2020-03-25 00:00:00-04:00,21050.33984,22019.92969,20538.33984,21200.55078,796320000,0,0
2020-03-26 00:00:00-04:00,21468.38086,22595.06055,21427.09961,22552.16992,705180000,0,0
2020-03-27 00:00:00-04:00,21898.4707,22327.57031,21469.26953,21636.7793,588830000,0,0
2020-03-30 00:00:00-04:00,21678.2207,22378.08984,21522.08008,22327.48047,545540000,0,0
2020-03-31 00:00:00-04:00,22208.41992,22480.36914,21852.08008,21917.16016,571210000,0,0
2020-04-01 00:00:00-04:00,21227.38086,21487.24023,20784.42969,20943.50977,506680000,0,0
2020-04-02 00:00:00-04:00,20819.46094,21477.76953,20735.01953,21413.43945,529540000,0,0
2020-04-03 00:00:00-04:00,21285.92969,21447.81055,20863.08984,21052.5293,450010000,0,0
2020-04-06 00:00:00-04:00,21693.63086,22783.44922,21693.63086,22679.99023,610760000,0,0
2020-04-07 00:00:00-04:00,23537.43945,23617.24023,22634.44922,22653.85938,594660000,0,0
2020-04-08 00:00:00-04:00,22893.4707,23513.40039,22682.99023,23433.57031,472740000,0,0
2020-04-09 00:00:00-04:00,23690.66016,24008.99023,23504.08984,23719.36914,566400000,0,0
2020-04-13 00:00:00-04:00,23698.92969,23698.92969,23095.34961,23390.76953,394320000,0,0
2020-04-14 00:00:00-04:00,23690.57031,24040.58008,23683.43945,23949.75977,485910000,0,0
2020-04-15 00:00:00-04:00,23600.7207,23649.7207,23233.32031,23504.34961,437630000,0,0
2020-04-16 00:00:00-04:00,23543.66016,23598.08008,23211.38086,23537.67969,471050000,0,0
2020-04-17 00:00:00-04:00,23817.15039,24264.21094,23817.15039,24242.49023,525950000,0,0
2020-04-20 00:00:00-04:00,24095.09961,24108.68945,23627.18945,23650.43945,423410000,0,0
2020-04-21 00:00:00-04:00,23365.25,23365.25,22941.88086,23018.88086,485140000,0,0
2020-04-22 00:00:00-04:00,23437.33984,23613.09961,23339.59961,23475.82031,352880000,0,0
2020-04-23 00:00:00-04:00,23543.08984,23885.35938,23483.34961,23515.25977,389290000,0,0
2020-04-24 00:00:00-04:00,23628.24023,23826,23417.67969,23775.26953,376020000,0,0
2020-04-27 00:00:00-04:00,23866.15039,24207.65039,23840.60938,24133.7793,389390000,0,0
2020-04-28 00:00:00-04:00,24357.16992,24512.24023,24031.19922,24101.55078,400250000,0,0
2020-04-29 00:00:00-04:00,24490.36914,24764.76953,24453.99023,24633.85938,455290000,0,0
2020-04-30 00:00:00-04:00,24585.57031,24585.57031,24186.90039,24345.7207,487840000,0,0
2020-05-01 00:00:00-04:00,24120.7793,24120.7793,23645.30078,23723.68945,418160000,0,0
2020-05-04 00:00:00-04:00,23581.55078,23769.56055,23361.16016,23749.75977,355360000,0,0
2020-05-05 00:00:00-04:00,23958.88086,24169.7207,23868.91016,23883.08984,369710000,0,0
2020-05-06 00:00:00-04:00,23978.88086,24054.58984,23661.14063,23664.64063,377450000,0,0
2020-05-07 00:00:00-04:00,23837.21094,24094.61914,23834.39063,23875.89063,369890000,0,0
2020-05-08 00:00:00-04:00,24107.82031,24349.90039,24107.05078,24331.32031,335760000,0,0
2020-05-11 00:00:00-04:00,24256.44922,24366.21094,24070.2207,24221.99023,352400000,0,0
2020-05-12 00:00:00-04:00,24292.83984,24382.08984,23761.58008,23764.7793,359480000,0,0
2020-05-13 00:00:00-04:00,23702.16016,23708.90039,23067.64063,23247.9707,469950000,0,0
2020-05-14 00:00:00-04:00,23049.06055,23630.85938,22789.61914,23625.33984,472700000,0,0
2020-05-15 00:00:00-04:00,23454.83008,23730.08008,23354.15039,23685.41992,491510000,0,0
2020-05-18 00:00:00-04:00,24059.98047,24708.53906,24059.98047,24597.36914,484190000,0,0
2020-05-19 00:00:00-04:00,24577.48047,24599.5,24202.96094,24206.85938,374100000,0,0
2020-05-20 00:00:00-04:00,24455.93945,24649.48047,24455.93945,24575.90039,366510000,0,0
2020-05-21 00:00:00-04:00,24564.26953,24718.46094,24370.88086,24474.11914,346770000,0,0
2020-05-22 00:00:00-04:00,24461.98047,24481.64063,24294.07031,24465.16016,255660000,0,0
2020-05-26 00:00:00-04:00,24781.83984,25176.41992,24781.83984,24995.10938,424380000,0,0
2020-05-27 00:00:00-04:00,25298.63086,25551.56055,25009.86914,25548.26953,411230000,0,0
2020-05-28 00:00:00-04:00,25697.35938,25758.78906,25358.73047,25400.64063,377800000,0,0
2020-05-29 00:00:00-04:00,25324.15039,25482.80078,25031.66992,25383.10938,527620000,0,0
2020-06-01 00:00:00-04:00,25342.99023,25508.83008,25220.66016,25475.01953,338310000,0,0
2020-06-02 00:00:00-04:00,25582.51953,25743.13086,25523.74023,25742.65039,352610000,0,0
2020-06-03 00:00:00-04:00,25906.88086,26337.75,25906.88086,26269.89063,398790000,0,0
2020-06-04 00:00:00-04:00,26226.49023,26384.09961,26082.31055,26281.82031,372190000,0,0
2020-06-05 00:00:00-04:00,26836.80078,27338.30078,26836.80078,27110.98047,542310000,0,0
2020-06-08 00:00:00-04:00,27232.92969,27580.21094,27232.48047,27572.43945,430200000,0,0
2020-06-09 00:00:00-04:00,27447.36914,27447.36914,27151.06055,27272.30078,381430000,0,0
2020-06-10 00:00:00-04:00,27251.89063,27355.2207,26938.05078,26989.99023,448930000,0,0
2020-06-11 00:00:00-04:00,26282.50977,26294.08008,25082.7207,25128.16992,647780000,0,0
2020-06-12 00:00:00-04:00,25659.41992,25965.55078,25078.41016,25605.53906,514440000,0,0
2020-06-15 00:00:00-04:00,25270.39063,25891.58008,24843.17969,25763.16016,461230000,0,0
2020-06-16 00:00:00-04:00,26326.67969,26611.0293,25811.69922,26289.98047,489500000,0,0
2020-06-17 00:00:00-04:00,26330.51953,26400.07031,26068.41016,26119.60938,328830000,0,0
2020-06-18 00:00:00-04:00,26016.44922,26154.19922,25848.5293,26080.09961,328390000,0,0
2020-06-19 00:00:00-04:00,26213.09961,26451.43945,25759.66016,25871.46094,669390000,0,0
2020-06-22 00:00:00-04:00,25865.08008,26059.81055,25667.67969,26024.96094,351780000,0,0
2020-06-23 00:00:00-04:00,26159.39063,26314.9707,26105.9707,26156.09961,389980000,0,0
2020-06-24 00:00:00-04:00,25992.96094,25992.96094,25296.73047,25445.93945,450120000,0,0
2020-06-25 00:00:00-04:00,25365.2207,25769.60938,25209.78906,25745.59961,384560000,0,0
2020-06-26 00:00:00-04:00,25641.68945,25641.68945,24971.0293,25015.55078,640860000,0,0
2020-06-29 00:00:00-04:00,25152.44922,25601.15039,25096.16016,25595.80078,378070000,0,0
2020-06-30 00:00:00-04:00,25512.42969,25905.38086,25475.14063,25812.88086,410780000,0,0
2020-07-01 00:00:00-04:00,25879.38086,26019.31055,25713.60938,25734.9707,373180000,0,0
2020-07-02 00:00:00-04:00,25936.44922,26204.41016,25778.11914,25827.35938,349130000,0,0
2020-07-06 00:00:00-04:00,25996.08008,26297.5293,25996.08008,26287.0293,340690000,0,0
2020-07-07 00:00:00-04:00,26172.00977,26174.92969,25866.58008,25890.17969,346820000,0,0
2020-07-08 00:00:00-04:00,25950.06055,26109.49023,25816.25,26067.2793,337300000,0,0
2020-07-09 00:00:00-04:00,26094.91992,26103.2793,25523.50977,25706.08984,387610000,0,0
2020-07-10 00:00:00-04:00,25690.34961,26101.32031,25637.5,26075.30078,338170000,0,0
2020-07-13 00:00:00-04:00,26225.07031,26639.08984,26044.23047,26085.80078,425320000,0,0
2020-07-14 00:00:00-04:00,26044.16992,26690.51953,25994.98047,26642.58984,401640000,0,0
2020-07-15 00:00:00-04:00,27009.81055,27071.33008,26692.48047,26870.09961,384900000,0,0
2020-07-16 00:00:00-04:00,26746.57031,26879.16016,26590.00977,26734.71094,287330000,0,0
2020-07-17 00:00:00-04:00,26774.61914,26808.42969,26619.88086,26671.94922,296460000,0,0
2020-07-20 00:00:00-04:00,26660.28906,26765.01953,26504.19922,26680.86914,309390000,0,0
2020-07-21 00:00:00-04:00,26833.14063,27025.38086,26766.2207,26840.40039,364930000,0,0
2020-07-22 00:00:00-04:00,26824.56055,27035.24023,26794.18945,27005.83984,404340000,0,0
2020-07-23 00:00:00-04:00,26955.9707,26973.84961,26560.03906,26652.33008,419800000,0,0
2020-07-24 00:00:00-04:00,26533.41016,26625.69922,26402.85938,26469.89063,494170000,0,0
2020-07-27 00:00:00-04:00,26447.66992,26625.46094,26426.91992,26584.76953,400930000,0,0
2020-07-28 00:00:00-04:00,26529.44922,26556.83984,26361.71094,26379.2793,361090000,0,0
2020-07-29 00:00:00-04:00,26388.43945,26602.44922,26375.39063,26539.57031,347580000,0,0
2020-07-30 00:00:00-04:00,26367.41992,26374.92969,25992.2793,26313.65039,351540000,0,0
2020-07-31 00:00:00-04:00,26409.33008,26440.01953,26013.58984,26428.32031,488050000,0,0
2020-08-03 00:00:00-04:00,26542.32031,26707.25977,26534.38086,26664.40039,439380000,0,0
2020-08-04 00:00:00-04:00,26664.60938,26832.7207,26597.82031,26828.4707,346350000,0,0
2020-08-05 00:00:00-04:00,26924.7793,27221.66992,26924.7793,27201.51953,366000000,0,0
2020-08-06 00:00:00-04:00,27170.82031,27394.09961,27145.25,27386.98047,322460000,0,0
2020-08-07 00:00:00-04:00,27321.67969,27456.24023,27223.55078,27433.48047,321170000,0,0
2020-08-10 00:00:00-04:00,27488.21094,27803.85938,27488.21094,27791.43945,360340000,0,0
2020-08-11 00:00:00-04:00,27961.64063,28154.88086,27624.50977,27686.91016,428220000,0,0
2020-08-12 00:00:00-04:00,27860.24023,28043.89063,27843.32031,27976.83984,340210000,0,0
2020-08-13 00:00:00-04:00,27922.50977,27986.09961,27789.7793,27896.7207,360160000,0,0
2020-08-14 00:00:00-04:00,27828.92969,27977.81055,27759.39063,27931.01953,275540000,0,0
2020-08-17 00:00:00-04:00,27970.05078,27999.81055,27816.40039,27844.91016,286860000,0,0
2020-08-18 00:00:00-04:00,27853.48047,27891.11914,27668.78906,27778.07031,276170000,0,0
2020-08-19 00:00:00-04:00,27811.25977,27920.41992,27647.66992,27692.88086,311460000,0,0
2020-08-20 00:00:00-04:00,27622.67969,27781.46094,27526.25,27739.73047,304550000,0,0
2020-08-21 00:00:00-04:00,27758.13086,27959.48047,27686.7793,27930.33008,372720000,0,0
2020-08-24 00:00:00-04:00,28077.58008,28314.93945,28041.75,28308.46094,383880000,0,0
2020-08-25 00:00:00-04:00,28347.41992,28400.74023,28094.57031,28248.43945,338420000,0,0
2020-08-26 00:00:00-04:00,28257.88086,28353.80078,28153.91016,28331.91992,327070000,0,0
2020-08-27 00:00:00-04:00,28384.07031,28634.2207,28363.92969,28492.26953,404340000,0,0
2020-08-28 00:00:00-04:00,28601.28906,28733.34961,28487.98047,28653.86914,369740000,0,0
2020-08-31 00:00:00-04:00,28643.66016,28643.66016,28363.55078,28430.05078,517320000,0,0
2020-09-01 00:00:00-04:00,28439.60938,28659.25977,28290.7207,28645.66016,423410000,0,0
2020-09-02 00:00:00-04:00,28736.78906,29162.88086,28713.5293,29100.5,539510000,0,0
2020-09-03 00:00:00-04:00,29090.69922,29199.34961,28074.75977,28292.73047,650080000,0,0
2020-09-04 00:00:00-04:00,28341.05078,28539.75,27664.67969,28133.31055,694640000,0,0
2020-09-08 00:00:00-04:00,27925.23047,27925.23047,27464.90039,27500.89063,580860000,0,0
2020-09-09 00:00:00-04:00,27711.71094,28206.21094,27704.53906,27940.4707,460590000,0,0
2020-09-10 00:00:00-04:00,28022.50977,28174.7793,27447.08008,27534.58008,442850000,0,0
2020-09-11 00:00:00-04:00,27613.85938,27828.82031,27448.15039,27665.64063,435330000,0,0
2020-09-14 00:00:00-04:00,27718.74023,28086.06055,27718.74023,27993.33008,380750000,0,0
2020-09-15 00:00:00-04:00,28139.75977,28231.06055,27931.44922,27995.59961,414520000,0,0
2020-09-16 00:00:00-04:00,28031.68945,28364.76953,28021.66992,28032.38086,416650000,0,0
2020-09-17 00:00:00-04:00,27834.17969,28056.78906,27647.92969,27901.98047,437230000,0,0
2020-09-18 00:00:00-04:00,27864.86914,27946.68945,27487.9707,27657.41992,698710000,0,0
2020-09-21 00:00:00-04:00,27484.71094,27484.71094,26715.15039,27147.69922,523660000,0,0
2020-09-22 00:00:00-04:00,27170.33984,27333.08984,26989.92969,27288.17969,420720000,0,0
2020-09-23 00:00:00-04:00,27413.59961,27464.46094,26716.11914,26763.13086,459470000,0,0
2020-09-24 00:00:00-04:00,26716.08984,27094.84961,26537.00977,26815.43945,447810000,0,0
2020-09-25 00:00:00-04:00,26694.50977,27239.28906,26635.38086,27173.96094,388900000,0,0
2020-09-28 00:00:00-04:00,27362.14063,27722.59961,27362.14063,27584.06055,401860000,0,0
2020-09-29 00:00:00-04:00,27560.24023,27605.59961,27338.08984,27452.66016,303820000,0,0
2020-09-30 00:00:00-04:00,27514.64063,28026.33008,27511.06055,27781.69922,452550000,0,0
2020-10-01 00:00:00-04:00,27940.63086,28041.46094,27669.25977,27816.90039,373450000,0,0
2020-10-02 00:00:00-04:00,27536.39063,27861.42969,27382.93945,27682.81055,392770000,0,0
2020-10-05 00:00:00-04:00,27825.41992,28162.64063,27825.41992,28148.64063,318210000,0,0
2020-10-06 00:00:00-04:00,28214.24023,28354.48047,27728.0293,27772.75977,435030000,0,0
2020-10-07 00:00:00-04:00,27971.35938,28369.66016,27971.35938,28303.46094,328750000,0,0
2020-10-08 00:00:00-04:00,28348.85938,28459.13086,28265.56055,28425.50977,314750000,0,0
2020-10-09 00:00:00-04:00,28533.60938,28676.28906,28440.63086,28586.90039,324050000,0,0
2020-10-12 00:00:00-04:00,28671.11914,28957.90039,28659.66992,28837.51953,493680000,0,0
2020-10-13 00:00:00-04:00,28764.94922,28808.83984,28604.34961,28679.81055,526110000,0,0
2020-10-14 00:00:00-04:00,28731.30078,28792.56055,28461.73047,28514,370800000,0,0
2020-10-15 00:00:00-04:00,28323.40039,28535.84961,28181.53906,28494.19922,328940000,0,0
2020-10-16 00:00:00-04:00,28570.7207,28842.90039,28570.7207,28606.31055,356140000,0,0
2020-10-19 00:00:00-04:00,28633.55078,28711.92969,28139.40039,28195.41992,358700000,0,0
2020-10-20 00:00:00-04:00,28245.84961,28575.0293,28243.03906,28308.78906,350220000,0,0
2020-10-21 00:00:00-04:00,28270.66016,28450.64063,28196.39063,28210.82031,299420000,0,0
2020-10-22 00:00:00-04:00,28197.41992,28421.31055,28040.17969,28363.66016,330320000,0,0
2020-10-23 00:00:00-04:00,28409.65039,28436.51953,28149.82031,28335.57031,347300000,0,0
2020-10-26 00:00:00-04:00,28185.82031,28185.82031,27370.16016,27685.38086,404150000,0,0
2020-10-27 00:00:00-04:00,27651.17969,27707.68945,27457.96094,27463.18945,366400000,0,0
2020-10-28 00:00:00-04:00,27102.14063,27102.14063,26497.39063,26519.94922,496150000,0,0
2020-10-29 00:00:00-04:00,26480.98047,26891.89063,26290.7793,26659.10938,419770000,0,0
2020-10-30 00:00:00-04:00,26572.26953,26639.17969,26143.76953,26501.59961,504820000,0,0
2020-11-02 00:00:00-05:00,26691.2793,27043.48047,26691.2793,26925.05078,379990000,0,0
2020-11-03 00:00:00-05:00,27138.68945,27640.21094,27138.68945,27480.0293,350980000,0,0
2020-11-04 00:00:00-05:00,27512.83008,28301.5,27512.83008,27847.66016,447860000,0,0
2020-11-05 00:00:00-05:00,28083.36914,28495.05078,28083.36914,28390.17969,390140000,0,0
2020-11-06 00:00:00-05:00,28399.13086,28431.96094,28189.5,28323.40039,326710000,0,0
2020-11-09 00:00:00-05:00,29467.90039,29933.83008,29130.66016,29157.9707,673310000,0,0
2020-11-10 00:00:00-05:00,29254.16992,29478.85938,29126.99023,29420.91992,526980000,0,0
2020-11-11 00:00:00-05:00,29524.34961,29593.10938,29281.2207,29397.63086,376700000,0,0
2020-11-12 00:00:00-05:00,29231.91016,29311.83008,28902.13086,29080.16992,369320000,0,0
2020-11-13 00:00:00-05:00,29203.90039,29559.25,29203.90039,29479.81055,348810000,0,0
2020-11-16 00:00:00-05:00,29672.35938,29964.28906,29672.35938,29950.43945,418290000,0,0
2020-11-17 00:00:00-05:00,29800.15039,29872.41992,29520.28906,29783.34961,372380000,0,0
2020-11-18 00:00:00-05:00,29875.40039,29930.84961,29432.83984,29438.41992,382850000,0,0
2020-11-19 00:00:00-05:00,29370.91992,29524.90039,29228.38086,29483.23047,331330000,0,0
2020-11-20 00:00:00-05:00,29437.57031,29469.89063,29231.19922,29263.48047,305350000,0,0
2020-11-23 00:00:00-05:00,29332.82031,29667.75,29332.82031,29591.26953,387200000,0,0
2020-11-24 00:00:00-05:00,29746.10938,30116.50977,29746.10938,30046.24023,432760000,0,0
2020-11-25 00:00:00-05:00,30058.86914,30058.86914,29806.25,29872.4707,323030000,0,0
2020-11-27 00:00:00-05:00,29911.33008,30015.13086,29819.98047,29910.36914,177040000,0,0
2020-11-30 00:00:00-05:00,29854.50977,29854.50977,29463.64063,29638.64063,551350000,0,0
2020-12-01 00:00:00-05:00,29797.5,30083.31055,29797.5,29823.91992,429510000,0,0
2020-12-02 00:00:00-05:00,29695.08984,29902.50977,29599.28906,29883.78906,385280000,0,0
2020-12-03 00:00:00-05:00,29920.83008,30110.88086,29877.26953,29969.51953,405680000,0,0
2020-12-04 00:00:00-05:00,29989.56055,30218.25977,29989.56055,30218.25977,356590000,0,0
2020-12-07 00:00:00-05:00,30233.0293,30233.0293,29967.2207,30069.78906,365810000,0,0
2020-12-08 00:00:00-05:00,29997.94922,30246.2207,29972.07031,30173.88086,311190000,0,0
2020-12-09 00:00:00-05:00,30229.81055,30319.69922,29951.84961,30068.81055,380520000,0,0
2020-12-10 00:00:00-05:00,30032.55078,30063.86914,29876.82031,29999.25977,325550000,0,0
2020-12-11 00:00:00-05:00,29988.21094,30071.13086,29820.83984,30046.36914,393870000,0,0
2020-12-14 00:00:00-05:00,30123.91016,30325.78906,29849.15039,29861.55078,371980000,0,0
2020-12-15 00:00:00-05:00,29919.08984,30243.25977,29894.94922,30199.31055,417770000,0,0
2020-12-16 00:00:00-05:00,30191.38086,30236.0293,30080.10938,30154.53906,344590000,0,0
2020-12-17 00:00:00-05:00,30216,30323.7793,30216,30303.36914,345530000,0,0
2020-12-18 00:00:00-05:00,30314.25977,30343.58984,30029.43945,30179.05078,782070000,0,0
2020-12-21 00:00:00-05:00,30159,30304.14063,29755.5293,30216.44922,437480000,0,0
2020-12-22 00:00:00-05:00,30200.19922,30200.19922,29992.89063,30015.50977,388810000,0,0
2020-12-23 00:00:00-05:00,30046.73047,30292.5293,30046.73047,30129.83008,274050000,0,0
2020-12-24 00:00:00-05:00,30155.91992,30209.66992,30099.30078,30199.86914,145570000,0,0
2020-12-28 00:00:00-05:00,30283.23047,30525.56055,30283.23047,30403.9707,302490000,0,0
2020-12-29 00:00:00-05:00,30492.07031,30588.78906,30274.24023,30335.66992,357610000,0,0
2020-12-30 00:00:00-05:00,30415.08984,30525.34961,30393.03906,30409.56055,291890000,0,0
2020-12-31 00:00:00-05:00,30417.64063,30637.4707,30344.5,30606.48047,284470000,0,0
2021-01-04 00:00:00-05:00,30627.4707,30674.2793,29881.82031,30223.89063,475080000,0,0
2021-01-05 00:00:00-05:00,30204.25,30504.89063,30141.7793,30391.59961,350910000,0,0
2021-01-06 00:00:00-05:00,30362.7793,31022.65039,30313.07031,30829.40039,500430000,0,0
2021-01-07 00:00:00-05:00,30901.17969,31193.40039,30897.85938,31041.13086,427810000,0,0
2021-01-08 00:00:00-05:00,31069.58008,31140.66992,30793.26953,31097.9707,381150000,0,0
2021-01-11 00:00:00-05:00,31015.36914,31096.98047,30832.06055,31008.68945,356540000,0,0
2021-01-12 00:00:00-05:00,31015.00977,31114.56055,30888.75977,31068.68945,362620000,0,0
2021-01-13 00:00:00-05:00,31084.88086,31153.36914,30992.05078,31060.4707,413250000,0,0
2021-01-14 00:00:00-05:00,31085.66992,31223.7793,30982.24023,30991.51953,427810000,0,0
2021-01-15 00:00:00-05:00,30926.76953,30941.98047,30612.66992,30814.25977,433000000,0,0
2021-01-19 00:00:00-05:00,30887.41992,31086.61914,30865.0293,30930.51953,386400000,0,0
2021-01-20 00:00:00-05:00,31017.53906,31235.98047,30997.78906,31188.38086,384980000,0,0
2021-01-21 00:00:00-05:00,31198.00977,31272.2207,31120.91992,31176.00977,418780000,0,0
2021-01-22 00:00:00-05:00,31141.56055,31141.56055,30908.4707,30996.98047,436040000,0,0
2021-01-25 00:00:00-05:00,30989.84961,30989.84961,30564.06055,30960,472890000,0,0
2021-01-26 00:00:00-05:00,30968.55078,31121.41992,30921.71094,30937.03906,373150000,0,0
2021-01-27 00:00:00-05:00,30893.7793,30893.7793,30206.91016,30303.16992,566470000,0,0
2021-01-28 00:00:00-05:00,30377.18945,30951.41016,30377.18945,30603.35938,465140000,0,0
2021-01-29 00:00:00-05:00,30553.91016,30553.91016,29856.30078,29982.61914,536320000,0,0
2021-02-01 00:00:00-05:00,30054.73047,30335.91016,30014.9707,30211.91016,347060000,0,0
2021-02-02 00:00:00-05:00,30276.88086,30840.53906,30276.88086,30687.48047,333160000,0,0
2021-02-03 00:00:00-05:00,30689.65039,30793.41016,30521.31055,30723.59961,305590000,0,0
2021-02-04 00:00:00-05:00,30737.7793,31065.96094,30737.7793,31055.85938,338330000,0,0
2021-02-05 00:00:00-05:00,31093.81055,31252.17969,31083.2207,31148.24023,293550000,0,0
2021-02-08 00:00:00-05:00,31191.19922,31386.09961,31191.19922,31385.75977,322250000,0,0
2021-02-09 00:00:00-05:00,31359.88086,31439.4707,31245.85938,31375.83008,308210000,0,0
2021-02-10 00:00:00-05:00,31428.01953,31511.43945,31221.32031,31437.80078,326450000,0,0
2021-02-11 00:00:00-05:00,31466.49023,31543.82031,31244.35938,31430.69922,280320000,0,0
2021-02-12 00:00:00-05:00,31420.80078,31475.31055,31347.80078,31458.40039,263090000,0,0
2021-02-16 00:00:00-05:00,31472.08008,31608.63086,31443.48047,31522.75,329210000,0,0
2021-02-17 00:00:00-05:00,31485.60938,31643.69922,31338.75977,31613.01953,343510000,0,0
2021-02-18 00:00:00-05:00,31558.59961,31558.59961,31285.32031,31493.33984,325990000,0,0
2021-02-19 00:00:00-05:00,31504.13086,31647.5293,31469.33984,31494.32031,353070000,0,0
2021-02-22 00:00:00-05:00,31381.11914,31653.48047,31286.57031,31521.68945,387210000,0,0
2021-02-23 00:00:00-05:00,31501.89063,31653.38086,31158.75977,31537.34961,460410000,0,0
2021-02-24 00:00:00-05:00,31499.75,32009.64063,31421.28906,31961.85938,410150000,0,0
2021-02-25 00:00:00-05:00,31955.93945,31984.76953,31293.32031,31402.00977,454110000,0,0
2021-02-26 00:00:00-05:00,31401.28906,31450.89063,30911.36914,30932.36914,532250000,0,0
2021-03-01 00:00:00-05:00,31065.90039,31668.33984,31065.90039,31535.50977,385670000,0,0
2021-03-02 00:00:00-05:00,31535.36914,31623.26953,31377.16016,31391.51953,337270000,0,0
2021-03-03 00:00:00-05:00,31352.96094,31563.31055,31260.14063,31270.08984,409660000,0,0
2021-03-04 00:00:00-05:00,31289.00977,31461.9707,30547.5293,30924.14063,537850000,0,0
2021-03-05 00:00:00-05:00,31029.17969,31580.33008,30766.81055,31496.30078,501810000,0,0
2021-03-08 00:00:00-05:00,31512.15039,32148.03906,31512.15039,31802.43945,496980000,0,0
2021-03-09 00:00:00-05:00,31892.34961,32150.32031,31822.64063,31832.74023,458690000,0,0
2021-03-10 00:00:00-05:00,31906.96094,32389.5,31906.96094,32297.01953,409110000,0,0
2021-03-11 00:00:00-05:00,32354.5,32661.58984,32345.69922,32485.58984,400020000,0,0
2021-03-12 00:00:00-05:00,32462.40039,32793.32031,32462.40039,32778.64063,346400000,0,0
2021-03-15 00:00:00-04:00,32798.83984,32973.39844,32629.75,32953.46094,360080000,0,0
2021-03-16 00:00:00-04:00,32966.75,32966.75,32778.23047,32825.94922,386370000,0,0
2021-03-17 00:00:00-04:00,32825.51953,33047.57813,32782.17969,33015.37109,391200000,0,0
2021-03-18 00:00:00-04:00,32928.16016,33227.78125,32831.25,32862.30078,418480000,0,0
2021-03-19 00:00:00-04:00,32858.35938,32858.35938,32505.07031,32627.9707,811890000,0,0
2021-03-22 00:00:00-04:00,32601.82031,32810.35156,32512.5293,32731.19922,383500000,0,0
2021-03-23 00:00:00-04:00,32691.5,32753.76953,32356.2793,32423.15039,385840000,0,0
2021-03-24 00:00:00-04:00,32470.88086,32787.98828,32418.15039,32420.06055,399390000,0,0
2021-03-25 00:00:00-04:00,32346.81055,32672.68945,32071.41016,32619.48047,411990000,0,0
2021-03-26 00:00:00-04:00,32681.07031,33098.82813,32681.07031,33072.87891,382170000,0,0
2021-03-29 00:00:00-04:00,33087.55078,33259,32905.12891,33171.37109,351610000,0,0
2021-03-30 00:00:00-04:00,33127.87891,33170.92969,32988.92188,33066.96094,307510000,0,0
2021-03-31 00:00:00-04:00,33116.03906,33173.76953,32980.57031,32981.55078,414140000,0,0
2021-04-01 00:00:00-04:00,33054.57813,33167.17188,32985.35156,33153.21094,311880000,0,0
2021-04-05 00:00:00-04:00,33222.37891,33617.94922,33222.37891,33527.19141,344270000,0,0
2021-04-06 00:00:00-04:00,33500.01953,33544.78906,33380.42969,33430.23828,297940000,0,0
2021-04-07 00:00:00-04:00,33444.98047,33521.76172,33347.96094,33446.26172,273440000,0,0
2021-04-08 00:00:00-04:00,33469.89063,33506.80078,33342.64063,33503.57031,304040000,0,0
2021-04-09 00:00:00-04:00,33526.19141,33810.87109,33526.19141,33800.60156,316410000,0,0
2021-04-12 00:00:00-04:00,33775.05859,33786.19141,33665.53906,33745.39844,327370000,0,0
2021-04-13 00:00:00-04:00,33721.16016,33741.64063,33545.83984,33677.26953,324480000,0,0
2021-04-14 00:00:00-04:00,33668.94922,33911.25,33668.94922,33730.89063,315330000,0,0
2021-04-15 00:00:00-04:00,33788.53125,34068.73047,33788.53125,34035.98828,319680000,0,0
2021-04-16 00:00:00-04:00,34058.16016,34256.75,34058.16016,34200.67188,343760000,0,0
2021-04-19 00:00:00-04:00,34182.37891,34182.37891,33980.55859,34077.62891,312540000,0,0
2021-04-20 00:00:00-04:00,34034.17969,34034.17969,33687.01172,33821.30078,350960000,0,0
2021-04-21 00:00:00-04:00,33808.30078,34160.33984,33773.80078,34137.30859,290300000,0,0
2021-04-22 00:00:00-04:00,34109.87891,34126.57031,33717.19141,33815.89844,344470000,0,0
2021-04-23 00:00:00-04:00,33804.51953,34157.57031,33713.28906,34043.48828,346380000,0,0
2021-04-26 00:00:00-04:00,34044.23047,34148.94141,33941.37109,33981.57031,279300000,0,0
2021-04-27 00:00:00-04:00,33932.12891,34043.98047,33870.46094,33984.92969,289030000,0,0
2021-04-28 00:00:00-04:00,33860.46094,33946.60156,33805.55859,33820.37891,335820000,0,0
2021-04-29 00:00:00-04:00,33855.64063,34087.21094,33744.28125,34060.35938,408450000,0,0
2021-04-30 00:00:00-04:00,33988.75,33988.75,33784.96094,33874.85156,374890000,0,0
2021-05-03 00:00:00-04:00,33904.89063,34221.05859,33904.89063,34113.23047,289770000,0,0
2021-05-04 00:00:00-04:00,34080.19922,34147.78125,33765.67969,34133.03125,407860000,0,0
2021-05-05 00:00:00-04:00,34163.98828,34331.19922,34039.66016,34230.33984,253180000,0,0
2021-05-06 00:00:00-04:00,34245.10938,34561.28906,34185.05859,34548.53125,315430000,0,0
2021-05-07 00:00:00-04:00,34578.26953,34811.39063,34464.30859,34777.76172,303400000,0,0
2021-05-10 00:00:00-04:00,34785.26953,35091.55859,34741.57031,34742.82031,361620000,0,0
2021-05-11 00:00:00-04:00,34572.73828,34572.73828,34075.30859,34269.16016,413180000,0,0
2021-05-12 00:00:00-04:00,34206.39844,34207.87109,33555.21875,33587.66016,381350000,0,0
2021-05-13 00:00:00-04:00,33624.73828,34181.76953,33623.48828,34021.44922,350820000,0,0
2021-05-14 00:00:00-04:00,34050.85938,34454.05078,34050.85938,34382.12891,303230000,0,0
2021-05-17 00:00:00-04:00,34375.28906,34383.83984,34176.64844,34327.78906,291910000,0,0
2021-05-18 00:00:00-04:00,34351.17969,34408.98828,34044.10156,34060.66016,289590000,0,0
2021-05-19 00:00:00-04:00,33945.80859,33945.80859,33473.80078,33896.03906,348480000,0,0
2021-05-20 00:00:00-04:00,33906.30078,34233.39844,33872.41016,34084.14844,320150000,0,0
2021-05-21 00:00:00-04:00,34121.91016,34415.48047,34121.91016,34207.83984,306360000,0,0
2021-05-24 00:00:00-04:00,34253.87109,34472.51172,34253.87109,34393.98047,251010000,0,0
2021-05-25 00:00:00-04:00,34428.66016,34511.35156,34266.03125,34312.46094,285760000,0,0
2021-05-26 00:00:00-04:00,34336.33984,34409.58984,34271.44141,34323.05078,258780000,0,0
2021-05-27 00:00:00-04:00,34432.46875,34608.82031,34389.23828,34464.64063,520630000,0,0
2021-05-28 00:00:00-04:00,34558.5,34631.10938,34520.08984,34529.44922,290850000,0,0
2021-06-01 00:00:00-04:00,34584.19141,34849.32031,34542.87109,34575.30859,287700000,0,0
2021-06-02 00:00:00-04:00,34614.62109,34706.64844,34545.96094,34600.37891,263810000,0,0
2021-06-03 00:00:00-04:00,34550.30859,34667.41016,34334.41016,34577.03906,297380000,0,0
2021-06-04 00:00:00-04:00,34618.69141,34772.12109,34618.69141,34756.39063,270050000,0,0
2021-06-07 00:00:00-04:00,34766.19922,34820.91016,34574.51172,34630.23828,259120000,0,0
2021-06-08 00:00:00-04:00,34645.83984,34665.37891,34452.94141,34599.82031,289440000,0,0
2021-06-09 00:00:00-04:00,34626.16016,34654.67188,34439.37109,34447.14063,245100000,0,0
2021-06-10 00:00:00-04:00,34502.51172,34737.78906,34447.25,34466.23828,309310000,0,0
2021-06-11 00:00:00-04:00,34499.80859,34618.08984,34328.64844,34479.60156,260840000,0,0
2021-06-14 00:00:00-04:00,34472.51953,34472.51953,34211.53906,34393.75,295530000,0,0
2021-06-15 00:00:00-04:00,34397.10156,34420.37891,34199.16016,34299.32813,272430000,0,0
2021-06-16 00:00:00-04:00,34308.48047,34333.25,33917.10938,34033.67188,347150000,0,0
2021-06-17 00:00:00-04:00,34014.37891,34091.78906,33626.60938,33823.44922,354690000,0,0
2021-06-18 00:00:00-04:00,33622.69922,33622.69922,33271.92969,33290.07813,563920000,0,0
2021-06-21 00:00:00-04:00,33312.07031,33908.08984,33312.07031,33876.96875,317260000,0,0
2021-06-22 00:00:00-04:00,33872.55859,34040.69922,33751.05859,33945.57813,284130000,0,0
2021-06-23 00:00:00-04:00,33948.53906,34009.39844,33869.82813,33874.23828,255280000,0,0
2021-06-24 00:00:00-04:00,33933.91016,34233.01953,33933.91016,34196.82031,275870000,0,0
2021-06-25 00:00:00-04:00,34328.10156,34501.01953,34314.80078,34433.83984,432550000,0,0
2021-06-28 00:00:00-04:00,34428.10156,34449.64844,34186.12891,34283.26953,280280000,0,0
2021-06-29 00:00:00-04:00,34338.89063,34469.82813,34266.82813,34292.28906,282360000,0,0
2021-06-30 00:00:00-04:00,34290.73828,34553.16016,34245.48047,34502.51172,295560000,0,0
2021-07-01 00:00:00-04:00,34507.32031,34640.28125,34498.85156,34633.53125,268280000,0,0
2021-07-02 00:00:00-04:00,34642.42188,34821.92969,34613.48828,34786.35156,301860000,0,0
2021-07-06 00:00:00-04:00,34790.16016,34814.19922,34358.42188,34577.37109,348430000,0,0
2021-07-07 00:00:00-04:00,34604.17188,34708.78125,34435.58984,34681.78906,302700000,0,0
2021-07-08 00:00:00-04:00,34569.01172,34569.01172,34145.58984,34421.92969,335690000,0,0
2021-07-09 00:00:00-04:00,34457.51172,34893.71875,34457.51172,34870.16016,301750000,0,0
2021-07-12 00:00:00-04:00,34836.75,35014.89844,34730.14844,34996.17969,294800000,0,0
2021-07-13 00:00:00-04:00,34959.96094,35018.78906,34876.89063,34888.78906,322430000,0,0
2021-07-14 00:00:00-04:00,34920.82813,35069.17969,34826.87109,34933.23047,344340000,0,0
2021-07-15 00:00:00-04:00,34924.80859,34990.41016,34762.87109,34987.01953,320450000,0,0
2021-07-16 00:00:00-04:00,35007.94141,35090.01172,34647.82031,34687.85156,322980000,0,0
2021-07-19 00:00:00-04:00,34528.48047,34528.48047,33741.76172,33962.03906,440440000,0,0
2021-07-20 00:00:00-04:00,33981.78906,34621.78906,33981.78906,34511.98828,387020000,0,0
2021-07-21 00:00:00-04:00,34556.96094,34820.23828,34556.96094,34798,317090000,0,0
2021-07-22 00:00:00-04:00,34799.67969,34879.28125,34673.03125,34823.35156,291610000,0,0
2021-07-23 00:00:00-04:00,34855.10938,35095.32813,34855.10938,35061.55078,314040000,0,0
2021-07-26 00:00:00-04:00,35055.85938,35150.37109,34950.19141,35144.30859,259790000,0,0
2021-07-27 00:00:00-04:00,35078.89844,35078.89844,34878.07031,35058.51953,326610000,0,0
2021-07-28 00:00:00-04:00,35109.94922,35116.37109,34876.83984,34930.92969,347170000,0,0
2021-07-29 00:00:00-04:00,34985.98828,35171.51953,34985.98828,35084.53125,222680000,0,0
2021-07-30 00:00:00-04:00,35013.26172,35106.30078,34871.12891,34935.46875,276410000,0,0
2021-08-02 00:00:00-04:00,34968.55859,35192.10938,34808.19922,34838.16016,238620000,0,0
2021-08-03 00:00:00-04:00,34864.10156,35120.94141,34714.32813,35116.39844,259820000,0,0
2021-08-04 00:00:00-04:00,35047.44141,35047.44141,34790.62109,34792.67188,245300000,0,0
2021-08-05 00:00:00-04:00,34815.60938,35067.53906,34815.60938,35064.25,216580000,0,0
2021-08-06 00:00:00-04:00,35077.44141,35246.78906,35077.44141,35208.51172,231570000,0,0
2021-08-09 00:00:00-04:00,35229.67188,35229.67188,35041.23828,35101.85156,207850000,0,0
2021-08-10 00:00:00-04:00,35135.17188,35285.16016,35091.91016,35264.67188,255040000,0,0
2021-08-11 00:00:00-04:00,35300.89063,35501.16016,35300.89063,35484.96875,232800000,0,0
2021-08-12 00:00:00-04:00,35481.94141,35510.76953,35352.53125,35499.85156,231600000,0,0
2021-08-13 00:00:00-04:00,35551.55859,35610.57031,35474.78125,35515.37891,236790000,0,0
2021-08-16 00:00:00-04:00,35490.82813,35631.19141,35231.87109,35625.39844,292590000,0,0
2021-08-17 00:00:00-04:00,35500.01172,35500.01172,35120.30859,35343.28125,309410000,0,0
2021-08-18 00:00:00-04:00,35310.19922,35356.80078,34943.41016,34960.69141,289800000,0,0
2021-08-19 00:00:00-04:00,34874.67188,34997.80859,34690.25,34894.12109,333550000,0,0
2021-08-20 00:00:00-04:00,34917.96094,35177.26172,34867.07031,35120.07813,269320000,0,0
2021-08-23 00:00:00-04:00,35160.96875,35428.91016,35160.96875,35335.71094,245760000,0,0
2021-08-24 00:00:00-04:00,35382.71875,35445.46875,35356.17969,35366.26172,228710000,0,0
2021-08-25 00:00:00-04:00,35388.76953,35501.14063,35287.62891,35405.5,237230000,0,0
2021-08-26 00:00:00-04:00,35449.67969,35498.44922,35205.10156,35213.12109,239740000,0,0
2021-08-27 00:00:00-04:00,35231.10938,35479.17969,35231.10938,35455.80078,240990000,0,0
2021-08-30 00:00:00-04:00,35471.80078,35510.71094,35374.46094,35399.83984,245390000,0,0
2021-08-31 00:00:00-04:00,35391.37891,35449.78906,35289.85938,35360.73047,337240000,0,0
2021-09-01 00:00:00-04:00,35387.55078,35407.37109,35287.05078,35312.53125,265520000,0,0
2021-09-02 00:00:00-04:00,35353.05859,35475.39844,35348.48047,35443.82031,263370000,0,0
2021-09-03 00:00:00-04:00,35401.73047,35422.71094,35269.39844,35369.08984,221370000,0,0
2021-09-07 00:00:00-04:00,35373.23828,35373.23828,35060.89844,35100,289830000,0,0
2021-09-08 00:00:00-04:00,35087.44922,35175.14844,34925.60938,35031.07031,261880000,0,0
2021-09-09 00:00:00-04:00,35013.07813,35199.89063,34847.30078,34879.37891,261330000,0,0
2021-09-10 00:00:00-04:00,34949.58984,35104.25,34599.60938,34607.71875,333230000,0,0
2021-09-13 00:00:00-04:00,34665.5,34939.10156,34665.5,34869.62891,334190000,0,0
2021-09-14 00:00:00-04:00,34906.89844,34990.35938,34510.30078,34577.57031,325140000,0,0
2021-09-15 00:00:00-04:00,34580.94922,34880.76953,34522.03125,34814.39063,317490000,0,0
2021-09-16 00:00:00-04:00,34810.26953,34943.55078,34540.10938,34751.32031,278270000,0,0
2021-09-17 00:00:00-04:00,34737.85938,34779.85938,34519.62891,34584.87891,560630000,0,0
2021-09-20 00:00:00-04:00,34459.71875,34459.71875,33613.03125,33970.46875,435780000,0,0
2021-09-21 00:00:00-04:00,34025.60938,34313.87891,33914.01953,33919.83984,306970000,0,0
2021-09-22 00:00:00-04:00,34006.87109,34440.42188,34006.87109,34258.32031,296590000,0,0
2021-09-23 00:00:00-04:00,34296.30078,34879.78125,34296.30078,34764.82031,283890000,0,0
2021-09-24 00:00:00-04:00,34762.30859,34857.05859,34648.07813,34798,254310000,0,0
2021-09-27 00:00:00-04:00,34739.26953,35061.12109,34739.26953,34869.37109,289480000,0,0
2021-09-28 00:00:00-04:00,34747.69922,34798.21094,34254.64844,34299.98828,379020000,0,0
2021-09-29 00:00:00-04:00,34360.07813,34580.42188,34305.96094,34390.71875,290350000,0,0
2021-09-30 00:00:00-04:00,34467.98047,34557.37109,33833.32031,33843.92188,354830000,0,0
2021-10-01 00:00:00-04:00,33930.69922,34490.55859,33785.53906,34326.46094,427580000,0,0
2021-10-04 00:00:00-04:00,34312.96094,34410.28125,33821.57813,34002.92188,396860000,0,0
2021-10-05 00:00:00-04:00,34035.25,34490.94922,34035.25,34314.67188,311520000,0,0
2021-10-06 00:00:00-04:00,34198.96094,34432.67969,33854.69141,34416.98828,322170000,0,0
2021-10-07 00:00:00-04:00,34509.71875,34975.19141,34509.71875,34754.94141,273290000,0,0
2021-10-08 00:00:00-04:00,34757.57031,34842.62109,34661.94922,34746.25,238080000,0,0
2021-10-11 00:00:00-04:00,34723.78906,34951.35156,34486.51172,34496.05859,256820000,0,0
2021-10-12 00:00:00-04:00,34507.14844,34611.23828,34318.94141,34378.33984,319010000,0,0
2021-10-13 00:00:00-04:00,34372.71094,34449.82813,34115.10156,34377.80859,316220000,0,0
2021-10-14 00:00:00-04:00,34443.21875,34923.82813,34443.21875,34912.55859,338540000,0,0
2021-10-15 00:00:00-04:00,35023.62891,35320.96875,35023.62891,35294.76172,327870000,0,0
2021-10-18 00:00:00-04:00,35221.01953,35327.57031,35035.94141,35258.60938,312640000,0,0
2021-10-19 00:00:00-04:00,35325.37109,35462.67969,35290.12109,35457.30859,278510000,0,0
2021-10-20 00:00:00-04:00,35475.16016,35669.69141,35465.71094,35609.33984,265750000,0,0
2021-10-21 00:00:00-04:00,35520.32031,35612.35938,35442.53125,35603.07813,298390000,0,0
2021-10-22 00:00:00-04:00,35607.71875,35765.01953,35533.94922,35677.01953,346290000,0,0
2021-10-25 00:00:00-04:00,35692.62109,35787.03906,35629.37109,35741.14844,267220000,0,0
2021-10-26 00:00:00-04:00,35791.05078,35892.92188,35734.73047,35756.87891,321910000,0,0
2021-10-27 00:00:00-04:00,35835.42969,35835.42969,35490.42969,35490.69141,354180000,0,0
2021-10-28 00:00:00-04:00,35545.41016,35742.25,35545.41016,35730.48047,337400000,0,0
2021-10-29 00:00:00-04:00,35712.28125,35852.53125,35633.19922,35819.55859,399400000,0,0
2021-11-01 00:00:00-04:00,35833.64844,36009.73828,35797.96875,35913.83984,292880000,0,0
2021-11-02 00:00:00-04:00,35935.10938,36088.80859,35884.12891,36052.62891,304510000,0,0
2021-11-03 00:00:00-04:00,36059.08984,36178.51172,35891.73047,36157.57813,262540000,0,0
2021-11-04 00:00:00-04:00,36107.46094,36168.03125,35986.48047,36124.23047,307640000,0,0
2021-11-05 00:00:00-04:00,36268.75,36484.75,36190.19922,36327.94922,344600000,0,0
2021-11-08 00:00:00-05:00,36416.46094,36565.73047,36334.42188,36432.21875,284400000,0,0
2021-11-09 00:00:00-05:00,36404.53125,36416.98047,36173.07031,36319.98047,258020000,0,0
2021-11-10 00:00:00-05:00,36299.25,36346.60938,36009.5,36079.94141,278390000,0,0
2021-11-11 00:00:00-05:00,36038.78125,36108.17188,35915.26953,35921.23047,270320000,0,0
2021-11-12 00:00:00-05:00,35963.78125,36147.62891,35934.58984,36100.30859,293180000,0,0
2021-11-15 00:00:00-05:00,36128.82813,36236.07031,36031.78125,36087.44922,280660000,0,0
2021-11-16 00:00:00-05:00,36076.17969,36316.60938,36076.17969,36142.21875,308290000,0,0
2021-11-17 00:00:00-05:00,36159.69922,36159.69922,35909.48047,35931.05078,358310000,0,0
2021-11-18 00:00:00-05:00,35901.69141,35952.62891,35654.39063,35870.94922,435080000,0,0
2021-11-19 00:00:00-05:00,35879.08984,35879.08984,35555.37109,35601.98047,408840000,0,0
2021-11-22 00:00:00-05:00,35631.41016,35929.66016,35615.55078,35619.25,420810000,0,0
2021-11-23 00:00:00-05:00,35619.92188,35841.51953,35542.87109,35813.80078,392520000,0,0
2021-11-24 00:00:00-05:00,35752.30859,35825.46875,35591.03125,35804.37891,280960000,0,0
2021-11-26 00:00:00-05:00,35366.69141,35366.69141,34749.80078,34899.33984,324580000,0,0
2021-11-29 00:00:00-05:00,35017.71094,35287.91016,34895.89063,35135.94141,416040000,0,0
2021-11-30 00:00:00-05:00,35056.98828,35056.98828,34424.44141,34483.71875,678800000,0,0
2021-12-01 00:00:00-05:00,34678.94141,35004.64063,34006.98047,34022.03906,496000000,0,0
2021-12-02 00:00:00-05:00,34076.25,34759.64844,34076.25,34639.78906,466900000,0,0
2021-12-03 00:00:00-05:00,34692.78125,34801.30859,34264.57031,34580.07813,439550000,0,0
2021-12-06 00:00:00-05:00,34633.42969,35356.75,34633.42969,35227.03125,416720000,0,0
2021-12-07 00:00:00-05:00,35423.98828,35819.46875,35423.98828,35719.42969,474940000,0,0
2021-12-08 00:00:00-05:00,35716.85156,35840.51953,35602.64844,35754.75,387650000,0,0
2021-12-09 00:00:00-05:00,35722.26172,35864.23828,35577.14063,35754.69141,353020000,0,0
2021-12-10 00:00:00-05:00,35830.55078,35982.69141,35710.42969,35970.98828,361200000,0,0
2021-12-13 00:00:00-05:00,35958.92969,35958.92969,35609.53125,35650.94922,441110000,0,0
2021-12-14 00:00:00-05:00,35605.73047,35779.46875,35441.73828,35544.17969,440900000,0,0
2021-12-15 00:00:00-05:00,35549.35156,35943.83984,35389.30078,35927.42969,424720000,0,0
2021-12-16 00:00:00-05:00,36036.28125,36189.82813,35778.21094,35897.64063,473620000,0,0
2021-12-17 00:00:00-05:00,35800.10938,35800.10938,35284.26172,35365.44141,750480000,0,0
2021-12-20 00:00:00-05:00,35222.12109,35222.12109,34665.5,34932.16016,386590000,0,0
2021-12-21 00:00:00-05:00,35069.5,35508.96094,35069.5,35492.69922,346080000,0,0
2021-12-22 00:00:00-05:00,35491.71094,35764.67188,35433.12891,35753.89063,281930000,0,0
2021-12-23 00:00:00-05:00,35782.42188,36060.98828,35782.42188,35950.55859,247420000,0,0
2021-12-27 00:00:00-05:00,35954.48047,36306.60938,35954.48047,36302.37891,244350000,0,0
2021-12-28 00:00:00-05:00,36302.98828,36527.26172,36302.98828,36398.21094,239090000,0,0
2021-12-29 00:00:00-05:00,36421.14063,36571.55078,36396.19141,36488.62891,213480000,0,0
2021-12-30 00:00:00-05:00,36522.48047,36679.44141,36372.12891,36398.07813,205620000,0,0
2021-12-31 00:00:00-05:00,36385.85156,36484.94141,36303.96875,36338.30078,213200000,0,0
2022-01-03 00:00:00-05:00,36321.58984,36595.82031,36246.44922,36585.05859,347930000,0,0
2022-01-04 00:00:00-05:00,36636,36934.83984,36636,36799.64844,435080000,0,0
2022-01-05 00:00:00-05:00,36722.60156,36952.64844,36400.39063,36407.10938,462040000,0,0
2022-01-06 00:00:00-05:00,36409.05078,36464.19141,36200.67969,36236.46875,385890000,0,0
2022-01-07 00:00:00-05:00,36249.58984,36382.83984,36111.53125,36231.66016,356110000,0,0
2022-01-10 00:00:00-05:00,36175.21094,36175.21094,35639.91016,36068.87109,430680000,0,0
2022-01-11 00:00:00-05:00,36058.85156,36271.46875,35769.37891,36252.01953,356850000,0,0
2022-01-12 00:00:00-05:00,36336.16016,36453.48828,36168.14844,36290.32031,310180000,0,0
2022-01-13 00:00:00-05:00,36312.48828,36513.87891,36044.21875,36113.62109,343640000,0,0
2022-01-14 00:00:00-05:00,35996.42969,35996.42969,35641.48828,35911.80859,389200000,0,0
2022-01-18 00:00:00-05:00,35661.76172,35661.76172,35262.01953,35368.46875,427260000,0,0
2022-01-19 00:00:00-05:00,35412.30078,35547.82813,35015.48828,35028.64844,393080000,0,0
2022-01-20 00:00:00-05:00,35102.66016,35490.19922,34670.12109,34715.39063,369070000,0,0
2022-01-21 00:00:00-05:00,34701.69141,34896.67188,34229.55078,34265.37109,523880000,0,0
2022-01-24 00:00:00-05:00,34070.60938,34420.98828,33150.32813,34364.5,664010000,0,0
2022-01-25 00:00:00-05:00,34186.64063,34591.03906,33545.51953,34297.73047,506430000,0,0
2022-01-26 00:00:00-05:00,34520.82031,34815.67188,33876.48047,34168.08984,546330000,0,0
2022-01-27 00:00:00-05:00,34261.75,34773.32031,34007.78125,34160.78125,527780000,0,0
2022-01-28 00:00:00-05:00,34135.23828,34731.76953,33807.51172,34725.46875,568440000,0,0
2022-01-31 00:00:00-05:00,34691.17188,35148.14063,34496.10156,35131.85938,468070000,0,0
2022-02-01 00:00:00-05:00,35151.46875,35441.08984,34977.94922,35405.23828,386080000,0,0
2022-02-02 00:00:00-05:00,35378.19141,35679.19922,35290.12109,35629.32813,359540000,0,0
2022-02-03 00:00:00-05:00,35520.07813,35535.94141,35071.05859,35111.16016,381020000,0,0
2022-02-04 00:00:00-05:00,35095.73828,35333.55078,34799.07813,35089.73828,349880000,0,0
2022-02-07 00:00:00-05:00,35108.37891,35325.01172,34993.98047,35091.12891,328910000,0,0
2022-02-08 00:00:00-05:00,35160.67969,35544.89063,35090.42188,35462.78125,319190000,0,0
2022-02-09 00:00:00-05:00,35614.89844,35824.28125,35614.89844,35768.05859,333610000,0,0
2022-02-10 00:00:00-05:00,35630.80859,35800.23828,35100.71875,35241.58984,411620000,0,0
2022-02-11 00:00:00-05:00,35267.89063,35431.14844,34620.51953,34738.05859,398860000,0,0
2022-02-14 00:00:00-05:00,34694.5,34744.55859,34304.28125,34566.17188,370320000,0,0
2022-02-15 00:00:00-05:00,34686.19141,35047.78906,34686.19141,34988.83984,305670000,0,0
2022-02-16 00:00:00-05:00,34951.82813,35042.08984,34642.64063,34934.26953,294410000,0,0
2022-02-17 00:00:00-05:00,34858.46875,34858.46875,34246.23047,34312.03125,348720000,0,0
2022-02-18 00:00:00-05:00,34310.44922,34423.57813,33976.17969,34079.17969,414080000,0,0
2022-02-22 00:00:00-05:00,33974.08984,34024.73828,33364.28906,33596.60938,432090000,0,0
2022-02-23 00:00:00-05:00,33680.96875,33832.58984,33084.89844,33131.76172,370600000,0,0
2022-02-24 00:00:00-05:00,32830.32813,33269.33984,32272.64063,33223.82813,590850000,0,0
2022-02-25 00:00:00-05:00,33277.21875,34095.73828,33277.21875,34058.75,417630000,0,0
2022-02-28 00:00:00-05:00,33870.62109,33963.62891,33469.30859,33892.60156,443460000,0,0
2022-03-01 00:00:00-05:00,33813.48047,33870.14063,33107.67188,33294.94922,438730000,0,0
2022-03-02 00:00:00-05:00,33379.51172,34013.67188,33379.51172,33891.35156,400920000,0,0
2022-03-03 00:00:00-05:00,33972.87109,34179.07031,33641.53125,33794.66016,369740000,0,0
2022-03-04 00:00:00-05:00,33655.42969,33655.42969,33254.12109,33614.80078,408390000,0,0
2022-03-07 00:00:00-05:00,33579.75,33579.75,32806.14844,32817.37891,488400000,0,0
2022-03-08 00:00:00-05:00,32885.17188,33402.98047,32578.73047,32632.64063,553750000,0,0
2022-03-09 00:00:00-05:00,32860.42188,33457.28125,32860.42188,33286.25,418670000,0,0
2022-03-10 00:00:00-05:00,33106.76953,33236.58984,32819.76172,33174.07031,399480000,0,0
2022-03-11 00:00:00-05:00,33279.71875,33515.60938,32911.89063,32944.19141,369480000,0,0
2022-03-14 00:00:00-04:00,33000.37109,33395.58984,32818.16016,32945.23828,394940000,0,0
2022-03-15 00:00:00-04:00,32989.26953,33620.83984,32989.26953,33544.33984,388810000,0,0
2022-03-16 00:00:00-04:00,33653.92969,34075.94141,33391.23828,34063.10156,427400000,0,0
2022-03-17 00:00:00-04:00,33995.39063,34483.92188,33896.05859,34480.76172,339470000,0,0
2022-03-18 00:00:00-04:00,34466.71875,34755.19922,34279.82813,34754.92969,615420000,0,0
2022-03-21 00:00:00-04:00,34669.85156,34808.28125,34341.80859,34552.98828,408490000,0,0
2022-03-22 00:00:00-04:00,34583.23828,34882.03125,34583.23828,34807.46094,368550000,0,0
2022-03-23 00:00:00-04:00,34748.83984,34748.83984,34352.96094,34358.5,347880000,0,0
2022-03-24 00:00:00-04:00,34406.80859,34713.55859,34355.42188,34707.94141,324870000,0,0
2022-03-25 00:00:00-04:00,34702.39063,34942.69922,34631.51953,34861.23828,285440000,0,0
2022-03-28 00:00:00-04:00,34833.03125,34957.92969,34552.23047,34955.89063,299790000,0,0
2022-03-29 00:00:00-04:00,35114.35156,35372.26172,35030.07031,35294.19141,355050000,0,0
2022-03-30 00:00:00-04:00,35273.62891,35361.35938,35058.57813,35228.80859,317320000,0,0
2022-03-31 00:00:00-04:00,35201.51953,35201.51953,34677.98828,34678.35156,433400000,0,0
2022-04-01 00:00:00-04:00,34740.89063,34847.91016,34538.25,34818.26953,340400000,0,0
2022-04-04 00:00:00-04:00,34799.98047,34940.78125,34615.37891,34921.87891,316570000,0,0
2022-04-05 00:00:00-04:00,34876.32813,35112.21094,34566.03906,34641.17969,304010000,0,0
2022-04-06 00:00:00-04:00,34520.33984,34609.83984,34277.17188,34496.51172,386250000,0,0
2022-04-07 00:00:00-04:00,34439.23828,34705.82813,34190.94922,34583.57031,319870000,0,0
2022-04-08 00:00:00-04:00,34569.23828,34908.46094,34470.19141,34721.12109,301750000,0,0
2022-04-11 00:00:00-04:00,34630.26953,34701.33984,34272.28906,34308.07813,333290000,0,0
2022-04-12 00:00:00-04:00,34412.51172,34669.96875,34102.80859,34220.35938,333510000,0,0
2022-04-13 00:00:00-04:00,34166.64063,34598.35938,34140.64063,34564.58984,313630000,0,0
2022-04-14 00:00:00-04:00,34628.46094,34889.17188,34437.5,34451.23047,353680000,0,0
2022-04-18 00:00:00-04:00,34411.48828,34618.28906,34279.07813,34411.69141,264110000,0,0
2022-04-19 00:00:00-04:00,34394.62109,34983.10938,34394.62109,34911.19922,296350000,0,0
2022-04-20 00:00:00-04:00,34962.67188,35315.39844,34962.67188,35160.78906,337620000,0,0
2022-04-21 00:00:00-04:00,35258.80078,35492.21875,34723.82031,34792.76172,366390000,0,0
2022-04-22 00:00:00-04:00,34727.37891,34727.37891,33773.39063,33811.39844,373280000,0,0
2022-04-25 00:00:00-04:00,33731.64844,34106.01172,33323.37109,34049.46094,416900000,0,0
2022-04-26 00:00:00-04:00,33907.48828,33909.51172,33230.94922,33240.17969,400020000,0,0
2022-04-27 00:00:00-04:00,33450.92188,33697.17969,33108.89063,33301.92969,447230000,0,0
2022-04-28 00:00:00-04:00,33425.96094,34054.78906,33248.46094,33916.39063,440380000,0,0
2022-04-29 00:00:00-04:00,33787.01172,33919.58984,32913.14844,32977.21094,501560000,0,0
2022-05-02 00:00:00-04:00,32978.48828,33224.94922,32449.86914,33061.5,453390000,0,0
2022-05-03 00:00:00-04:00,33086.08984,33341.57813,32914.75,33128.78906,364420000,0,0
2022-05-04 00:00:00-04:00,33171.80078,34117.73828,33021.83984,34061.05859,411060000,0,0
2022-05-05 00:00:00-04:00,33854.17188,33854.17188,32685.09961,32997.96875,448420000,0,0
2022-05-06 00:00:00-04:00,32773.87891,33055.83984,32474.68945,32899.37109,416520000,0,0
2022-05-09 00:00:00-04:00,32685.16992,32685.16992,32121.98047,32245.69922,470770000,0,0
2022-05-10 00:00:00-04:00,32504.08984,32752.16992,31887.89063,32160.74023,439290000,0,0
2022-05-11 00:00:00-04:00,32123.24023,32584.01953,31798.85938,31834.10938,458460000,0,0
2022-05-12 00:00:00-04:00,31699.03906,31914.46094,31228.2207,31730.30078,544240000,0,0
2022-05-13 00:00:00-04:00,31963.85938,32276.05078,31862.78906,32196.66016,388520000,0,0
2022-05-16 00:00:00-04:00,32152.15039,32514.01953,31928.17969,32223.41992,330030000,0,0
2022-05-17 00:00:00-04:00,32427,32689.14063,32308.15039,32654.58984,389310000,0,0
2022-05-18 00:00:00-04:00,32468.66992,32468.66992,31393.94922,31490.07031,465060000,0,0
2022-05-19 00:00:00-04:00,31262.61914,31569.13086,31016.41016,31253.13086,517190000,0,0
2022-05-20 00:00:00-04:00,31426.93945,31515.7793,30635.75977,31261.90039,495510000,0,0
2022-05-23 00:00:00-04:00,31395.89063,31968.41992,31395.89063,31880.24023,402010000,0,0
2022-05-24 00:00:00-04:00,31717.60938,32014.85938,31365.58984,31928.61914,382950000,0,0
2022-05-25 00:00:00-04:00,31816.31055,32254.43945,31754.33008,32120.2793,343460000,0,0
2022-05-26 00:00:00-04:00,32248.16992,32774.14063,32248.16992,32637.18945,351220000,0,0
2022-05-27 00:00:00-04:00,32735.08984,33213.62109,32682.00977,33212.96094,328770000,0,0
2022-05-31 00:00:00-04:00,33160.58984,33240.21875,32752.33984,32990.12109,533560000,0,0
2022-06-01 00:00:00-04:00,33156.30859,33272.33984,32584.75977,32813.23047,338210000,0,0
2022-06-02 00:00:00-04:00,32809.01172,33248.60938,32509.42969,33248.28125,333210000,0,0
2022-06-03 00:00:00-04:00,32986.32031,33135.60938,32839.21094,32899.69922,298570000,0,0
2022-06-06 00:00:00-04:00,33032.03906,33235.37109,32819.5,32915.78125,253010000,0,0
2022-06-07 00:00:00-04:00,32783.03125,33207.44922,32641.84961,33180.14063,270750000,0,0
2022-06-08 00:00:00-04:00,33087.07031,33156.5,32824.37109,32910.89844,270470000,0,0
2022-06-09 00:00:00-04:00,32828.62109,32956.73047,32267.7793,32272.78906,289710000,0,0
2022-06-10 00:00:00-04:00,32053.51953,32053.51953,31387.83984,31392.78906,362300000,0,0
2022-06-13 00:00:00-04:00,31144.91016,31144.91016,30373.7207,30516.74023,472290000,0,0
2022-06-14 00:00:00-04:00,30592.33984,30690.80078,30144.23047,30364.83008,366800000,0,0
2022-06-15 00:00:00-04:00,30570.5,31011.9707,30185.08008,30668.5293,392670000,0,0
2022-06-16 00:00:00-04:00,30305.74023,30305.74023,29740.34961,29927.07031,442910000,0,0
2022-06-17 00:00:00-04:00,29912.69922,30167.51953,29653.28906,29888.7793,692830000,0,0
2022-06-21 00:00:00-04:00,30074.68945,30653.98047,30074.68945,30530.25,376900000,0,0
2022-06-22 00:00:00-04:00,30352.57031,30777.91992,30166.00977,30483.13086,343490000,0,0
2022-06-23 00:00:00-04:00,30570.33008,30715.63086,30293.40039,30677.35938,361420000,0,0
2022-06-24 00:00:00-04:00,30846.93945,31517.28906,30846.93945,31500.67969,465480000,0,0
2022-06-27 00:00:00-04:00,31533.59961,31598.58984,31351.36914,31438.25977,309910000,0,0
2022-06-28 00:00:00-04:00,31549.05078,31885.08984,30934.33008,30946.99023,350780000,0,0
2022-06-29 00:00:00-04:00,31067.41016,31152.96094,30894.5293,31029.31055,269390000,0,0
2022-06-30 00:00:00-04:00,30790,30979.84961,30431.86914,30775.42969,394070000,0,0
2022-07-01 00:00:00-04:00,30737.76953,31139.34961,30487.78906,31097.25977,310440000,0,0
2022-07-05 00:00:00-04:00,30903.11914,30971.74023,30355.11914,30967.82031,323080000,0,0
2022-07-06 00:00:00-04:00,30957.30078,31224.68945,30794.83984,31037.67969,289800000,0,0
2022-07-07 00:00:00-04:00,31190.65039,31421.83984,31154.64063,31384.55078,296620000,0,0
2022-07-08 00:00:00-04:00,31348.42969,31511.46094,31212.44922,31338.15039,238120000,0,0
2022-07-11 00:00:00-04:00,31277.98047,31367.55078,31114.40039,31173.83984,245020000,0,0
2022-07-12 00:00:00-04:00,31113.31055,31346.09961,30860.50977,30981.33008,324190000,0,0
2022-07-13 00:00:00-04:00,30743.63086,30979.16992,30514.60938,30772.78906,291830000,0,0
2022-07-14 00:00:00-04:00,30451.80078,30680.11914,30143.92969,30630.16992,325130000,0,0
2022-07-15 00:00:00-04:00,30775.36914,31288.25977,30775.36914,31288.25977,321570000,0,0
2022-07-18 00:00:00-04:00,31475.98047,31644.67969,30982.9707,31072.60938,309960000,0,0
2022-07-19 00:00:00-04:00,31165.91016,31842.25,31165.91016,31827.05078,378720000,0,0
2022-07-20 00:00:00-04:00,31829.99023,31944.44922,31646.94922,31874.83984,313520000,0,0
2022-07-21 00:00:00-04:00,31826.49023,32040.63086,31534.08008,32036.90039,302320000,0,0
2022-07-22 00:00:00-04:00,32167.91992,32219.25,31731.4707,31899.28906,319880000,0,0
2022-07-25 00:00:00-04:00,31950.92969,32029.0293,31821.66992,31990.03906,255450000,0,0
2022-07-26 00:00:00-04:00,31950.03906,31950.03906,31705.35938,31761.53906,324930000,0,0
2022-07-27 00:00:00-04:00,31865.05078,32336.23047,31799.42969,32197.58984,365480000,0,0
2022-07-28 00:00:00-04:00,32197.61914,32609.53906,31982.60938,32529.63086,331110000,0,0
2022-07-29 00:00:00-04:00,32515.61914,32910.17969,32493.01953,32845.12891,487360000,0,0
2022-08-01 00:00:00-04:00,32755.71094,32972.03125,32640.78906,32798.39844,321180000,0,0
2022-08-02 00:00:00-04:00,32691.28906,32772.92969,32387.11914,32396.16992,316740000,0,0
2022-08-03 00:00:00-04:00,32514.21094,32912.73828,32514.21094,32812.5,342160000,0,0
2022-08-04 00:00:00-04:00,32805.69141,32829.21875,32652.63086,32726.82031,315590000,0,0
2022-08-05 00:00:00-04:00,32593.90039,32814.60938,32489.61914,32803.46875,273010000,0,0
2022-08-08 00:00:00-04:00,32877.35938,33109.96094,32769.10156,32832.53906,275350000,0,0
2022-08-09 00:00:00-04:00,32807.35938,32877.53125,32702.66016,32774.41016,281080000,0,0
2022-08-10 00:00:00-04:00,33130.62891,33364.41016,33130.62891,33309.51172,311740000,0,0
2022-08-11 00:00:00-04:00,33451.51172,33651.80078,33289.82813,33336.67188,308030000,0,0
2022-08-12 00:00:00-04:00,33430.71875,33767.08984,33398.32031,33761.05078,299140000,0,0
2022-08-15 00:00:00-04:00,33710.69922,33954.71094,33582.96094,33912.44141,262670000,0,0
2022-08-16 00:00:00-04:00,33924.35156,34281.35938,33852.57031,34152.01172,288670000,0,0
2022-08-17 00:00:00-04:00,34029.55078,34161.01172,33828.41016,33980.32031,281390000,0,0
2022-08-18 00:00:00-04:00,33981.85938,34043.82813,33844.46094,33999.03906,282550000,0,0
2022-08-19 00:00:00-04:00,33904.69141,33904.69141,33627.08984,33706.73828,293990000,0,0
2022-08-22 00:00:00-04:00,33586.58984,33586.58984,33007.62891,33063.60938,308900000,0,0
2022-08-23 00:00:00-04:00,33033.51953,33138.26172,32858.89063,32909.58984,251870000,0,0
2022-08-24 00:00:00-04:00,32899.01172,33095.5,32828.55859,32969.23047,256900000,0,0
2022-08-25 00:00:00-04:00,33029.26953,33306.08984,32889.85156,33291.78125,308530000,0,0
2022-08-26 00:00:00-04:00,33293.42969,33364.69922,32278.2207,32283.40039,352850000,0,0
2022-08-29 00:00:00-04:00,32188,32325.16016,31972.78906,32098.99023,317820000,0,0
2022-08-30 00:00:00-04:00,32163.83984,32205.66016,31647.2207,31790.86914,317150000,0,0
2022-08-31 00:00:00-04:00,31827.15039,31966.03906,31509.58984,31510.42969,392780000,0,0
2022-09-01 00:00:00-04:00,31454.58008,31677.50977,31219.75,31656.41992,339360000,0,0
2022-09-02 00:00:00-04:00,31848.5,32026.90039,31182.08984,31318.43945,306180000,0,0
2022-09-06 00:00:00-04:00,31343.78906,31463.89063,31048.46094,31145.30078,347320000,0,0
2022-09-07 00:00:00-04:00,31145.63086,31644.33984,31095.21094,31581.2793,345080000,0,0
2022-09-08 00:00:00-04:00,31481.94922,31783.36914,31321.5,31774.51953,344340000,0,0
2022-09-09 00:00:00-04:00,31876.2207,32227.74023,31876.2207,32151.71094,310980000,0,0
2022-09-12 00:00:00-04:00,32159.49023,32504.03906,32159.49023,32381.33984,339250000,0,0
2022-09-13 00:00:00-04:00,32006.5,32006.5,31018.53906,31104.9707,428930000,0,0
2022-09-14 00:00:00-04:00,31141.01953,31276.82031,30885.01953,31135.08984,348670000,0,0
2022-09-15 00:00:00-04:00,31124.67969,31277.68945,30882.08008,30961.82031,345500000,0,0
2022-09-16 00:00:00-04:00,30866.60938,30866.60938,30550.08008,30822.41992,627920000,0,0
2022-09-19 00:00:00-04:00,30722.85938,31026.89063,30559.36914,31019.67969,291200000,0,0
2022-09-20 00:00:00-04:00,30888.5293,30888.5293,30465.91016,30706.23047,317970000,0,0
2022-09-21 00:00:00-04:00,30819.39063,31020.78906,30181.99023,30183.7793,354960000,0,0
2022-09-22 00:00:00-04:00,30204.51953,30302.2793,29994.5293,30076.67969,335270000,0,0
2022-09-23 00:00:00-04:00,29955.65039,29955.65039,29250.4707,29590.41016,388200000,0,0
2022-09-26 00:00:00-04:00,29536.83984,29630.76953,29161.11914,29260.81055,369450000,0,0
2022-09-27 00:00:00-04:00,29419.88086,29659.11914,28958.2207,29134.99023,355460000,0,0
2022-09-28 00:00:00-04:00,29198.91992,29811.7793,29114.9707,29683.74023,436040000,0,0
2022-09-29 00:00:00-04:00,29513.73047,29513.73047,28997.33984,29225.60938,388820000,0,0
2022-09-30 00:00:00-04:00,29123.0293,29355.7793,28715.84961,28725.50977,464260000,0,0
2022-10-03 00:00:00-04:00,28855.25,29647.78906,28855.25,29490.89063,397830000,0,0
2022-10-04 00:00:00-04:00,29826.66992,30325.05078,29826.66992,30316.32031,375640000,0,0
2022-10-05 00:00:00-04:00,30078.35938,30454.46094,29886.43945,30273.86914,290610000,0,0
2022-10-06 00:00:00-04:00,30206.13086,30329.60938,29859.33984,29926.93945,306840000,0,0
2022-10-07 00:00:00-04:00,29685.26953,29685.26953,29142.66016,29296.78906,367950000,0,0
2022-10-10 00:00:00-04:00,29419.08984,29485.82031,29010.41016,29202.88086,315410000,0,0
2022-10-11 00:00:00-04:00,29085.19922,29608.41992,29074.23047,29239.18945,352920000,0,0
2022-10-12 00:00:00-04:00,29233.06055,29455.11914,29136.0293,29210.84961,304420000,0,0
2022-10-13 00:00:00-04:00,28755.83008,30168.53906,28660.93945,30038.7207,470260000,0,0
2022-10-14 00:00:00-04:00,30192.21094,30428.82031,29614.30078,29634.83008,379090000,0,0
2022-10-17 00:00:00-04:00,30059.58008,30311.94922,29997.61914,30185.82031,369820000,0,0
2022-10-18 00:00:00-04:00,30697.51953,30837.90039,30301.83008,30523.80078,387130000,0,0
2022-10-19 00:00:00-04:00,30439.03906,30662.10938,30226.90039,30423.81055,314030000,0,0
2022-10-20 00:00:00-04:00,30411.91992,30822.96094,30265.19922,30333.58984,333190000,0,0
2022-10-21 00:00:00-04:00,30291.17969,31119.26953,30206.2793,31082.56055,418190000,0,0
2022-10-24 00:00:00-04:00,31187.32031,31603.63086,31161.41016,31499.61914,345040000,0,0
2022-10-25 00:00:00-04:00,31463.65039,31876.15039,31423.5293,31836.74023,336930000,0,0
2022-10-26 00:00:00-04:00,31738.43945,32172.41992,31738.43945,31839.10938,430400000,0,0
2022-10-27 00:00:00-04:00,32062.14063,32388.41992,31993.21094,32033.2793,375720000,0,0
2022-10-28 00:00:00-04:00,32204.31055,32889.80859,32158.38086,32861.80078,495830000,0,0
2022-10-31 00:00:00-04:00,32754.26953,32883.85938,32586.92969,32732.94922,390890000,0,0
2022-11-01 00:00:00-04:00,32862.78906,32975.48047,32485.23047,32653.19922,323210000,0,0
2022-11-02 00:00:00-04:00,32576.2793,33071.92969,32139.76953,32147.75977,398430000,0,0
2022-11-03 00:00:00-04:00,31985.05078,32185.71094,31727.05078,32001.25,354440000,0,0
2022-11-04 00:00:00-04:00,32265.00977,32611.51953,31938.91992,32403.2207,422370000,0,0
2022-11-07 00:00:00-05:00,32454.09961,32895.58984,32424.99023,32827,336300000,0,0
2022-11-08 00:00:00-05:00,32934.55859,33355.39063,32831.46094,33160.82813,335340000,0,0
2022-11-09 00:00:00-05:00,33004.46875,33065.10938,32478.86914,32513.93945,355200000,0,0
2022-11-10 00:00:00-05:00,33263.91016,33727.73047,33167.82031,33715.37109,480130000,0,0
2022-11-11 00:00:00-05:00,33797.75,33817.96094,33394.42969,33747.85938,427790000,0,0
2022-11-14 00:00:00-05:00,33662.05078,33964.30078,33533.96094,33536.69922,354340000,0,0
2022-11-15 00:00:00-05:00,33755.94141,33987.05859,33320.19922,33592.92188,390610000,0,0
2022-11-16 00:00:00-05:00,33554.92969,33682.82813,33516.98828,33553.82813,301560000,0,0
2022-11-17 00:00:00-05:00,33329.26953,33616.01953,33239.75,33546.32031,319210000,0,0
2022-11-18 00:00:00-05:00,33606.58984,33827.94141,33540.64063,33745.69141,312950000,0,0
2022-11-21 00:00:00-05:00,33760.30078,33864.58984,33559.17969,33700.28125,352960000,0,0
2022-11-22 00:00:00-05:00,33810.05078,34115.69922,33810.05078,34098.10156,277070000,0,0
2022-11-23 00:00:00-05:00,34091.57031,34262.07031,34004.64063,34194.05859,236820000,0,0
2022-11-25 00:00:00-05:00,34213.03906,34386.51172,34199.57031,34347.03125,131660000,0,0
2022-11-28 00:00:00-05:00,34275.91016,34303.87891,33799.35156,33849.46094,300330000,0,0
2022-11-29 00:00:00-05:00,33847.80078,33933.91016,33662.44922,33852.53125,279750000,0,0
2022-11-30 00:00:00-05:00,33795.42969,34589.76953,33583.76953,34589.76953,524440000,0,0
2022-12-01 00:00:00-05:00,34533.58984,34595.51172,34129.35156,34395.01172,348720000,0,0
2022-12-02 00:00:00-05:00,34265.44922,34483.21094,34039.73047,34429.87891,290580000,0,0
2022-12-05 00:00:00-05:00,34335.73047,34335.73047,33846.80859,33947.10156,312960000,0,0
2022-12-06 00:00:00-05:00,33936.87109,34006.62891,33418.58984,33596.33984,306220000,0,0
2022-12-07 00:00:00-05:00,33556.39844,33774.26953,33503.67188,33597.92188,359980000,0,0
2022-12-08 00:00:00-05:00,33695.96875,33899.17188,33642.46094,33781.48047,271830000,0,0
2022-12-09 00:00:00-05:00,33746.71094,33844.62891,33462.64844,33476.46094,287630000,0,0
2022-12-12 00:00:00-05:00,33519.5,34005.03906,33519.5,34005.03906,313440000,0,0
2022-12-13 00:00:00-05:00,34268.44141,34712.28125,33890.87891,34108.64063,442650000,0,0
2022-12-14 00:00:00-05:00,34086.07031,34395.64844,33704.17188,33966.35156,339090000,0,0
2022-12-15 00:00:00-05:00,33773,33773,33016.16016,33202.21875,394290000,0,0
2022-12-16 00:00:00-05:00,33166.46094,33166.46094,32654.58984,32920.46094,756310000,0,0
2022-12-19 00:00:00-05:00,32921.44922,33038.94141,32581.9707,32757.53906,326430000,0,0
2022-12-20 00:00:00-05:00,32735.24023,32992.23047,32649.44922,32849.73828,303970000,0,0
2022-12-21 00:00:00-05:00,33028.08984,33437.83984,33028.08984,33376.48047,328020000,0,0
2022-12-22 00:00:00-05:00,33233.35156,33233.35156,32573.42969,33027.48828,340640000,0,0
2022-12-23 00:00:00-05:00,32961.05859,33226.14063,32814.01953,33203.92969,221050000,0,0
2022-12-27 00:00:00-05:00,33224.23047,33387.71875,33069.57813,33241.55859,246010000,0,0
2022-12-28 00:00:00-05:00,33264.76172,33379.55078,32869.14844,32875.71094,252260000,0,0
2022-12-29 00:00:00-05:00,33021.42969,33293.42188,33020.35156,33220.80078,243060000,0,0
2022-12-30 00:00:00-05:00,33121.60938,33152.55078,32847.82031,33147.25,295500000,0,0
